year,rank,artist,song,gender,queerFlag,lyricFlag,relationshipType,sampleLyrics,artistID
2008,1,Flo Rida Featuring T-Pain,Low,man,0,0,,,
2008,2,Leona Lewis,Bleeding Love,woman,0,0,,,
2008,3,Alicia Keys,No One,woman,0,0,,,
2008,4,Lil Wayne Featuring Static Major,Lollipop,man,0,0,,,
2008,5,Timbaland Featuring OneRepublic,Apologize,man,0,0,,,
2008,6,Jordin Sparks Duet With Chris Brown,No Air,mixed,0,0,,,
2008,7,Sara Bareilles,Love Song,woman,0,0,,,
2008,8,Usher Featuring Young Jeezy,Love In This Club,man,0,0,,,
2008,9,Chris Brown,With You,man,0,0,,,
2008,10,Chris Brown,Forever,man,0,0,,,
2008,11,Ray J & Yung Berg,Sexy Can I,man,0,0,,,
2008,12,Rihanna,Take A Bow,woman,0,0,,,
2008,13,Coldplay,Viva La Vida,man,0,0,,,
2008,14,Katy Perry,I Kissed A Girl,woman,0,1,,"I kissed a girl and I liked it, The taste of her cherry chapstick",
2008,15,T.I.,Whatever You Like,man,0,0,,,
2008,16,Rihanna,Disturbia,woman,0,0,,,
2008,17,Rihanna,Don't Stop The Music,woman,0,0,,,
2008,18,Natasha Bedingfield,Pocketful Of Sunshine,woman,0,0,,,
2008,19,Chris Brown Featuring T-Pain,Kiss Kiss,man,0,0,,,
2008,20,Ne-Yo,Closer,man,0,0,,,
2008,21,Colbie Caillat,Bubbly,woman,0,0,,,
2008,22,Mariah Carey,Touch My Body,woman,0,0,,,
2008,23,Madonna Featuring Justin Timberlake & Timbaland,4 Minutes,mixed,0,0,,,
2008,24,P!nk,So What,woman,0,0,,,
2008,25,Finger Eleven,Paralyzer,man,0,0,,,
2008,26,Fergie,Clumsy,woman,1,0,Straight,,Kesha
2008,27,Jason Mraz,I'm Yours,man,1,0,Unspecified,,Adam Lambert
2008,28,Jesse McCartney,Leavin',man,0,0,,,
2008,29,Kardinal Offishall Featuring Akon,Dangerous,man,0,0,,,
2008,30,Jordin Sparks,Tattoo,woman,0,0,,,
2008,31,Miley Cyrus,See You Again,nb,1,0,Unspecified,,Ava Max
2008,32,Metro Station,Shake It,man,0,0,,,
2008,33,OneRepublic,Stop And Stare,man,0,0,,,
2008,34,Sean Kingston,Take You There,man,0,0,,,
2008,35,M.I.A.,Paper Planes,woman,0,0,,,
2008,36,Katy Perry,Hot N Cold,woman,0,0,,,
2008,37,T.I. Featuring Rihanna,Live Your Life,mixed,0,0,,,
2008,38,Plies Featuring Ne-Yo,Bust It Baby Part 2,man,0,0,,,
2008,39,Estelle Featuring Kanye West,American Boy,mixed,0,0,,,
2008,40,Lil Wayne Featuring T-Pain,Got Money,man,0,0,,,
2008,41,Taylor Swift,Our Song,woman,0,0,,,
2008,42,Danity Kane,Damaged,woman,0,0,,,
2008,43,Lil Wayne,A Milli,man,0,0,,,
2008,44,Buckcherry,Sorry,man,0,0,,,
2008,45,Webbie Featuring Lil' Phat & Lil' Boosie,Independent,man,0,0,,,
2008,46,T-Pain Featuring Lil Wayne,Can't Believe It,man,0,0,,,
2008,47,Alicia Keys,Like You'll Never See Me Again,woman,0,0,,,
2008,48,Taylor Swift,Teardrops On My Guitar,woman,0,0,,,
2008,49,The Pussycat Dolls,When I Grow Up,woman,0,0,,,
2008,50,Snoop Dogg,Sensual Seduction,man,0,0,,,
2008,51,Colby O'Donis Featuring Akon,What You Got,man,0,0,,,
2008,52,3 Doors Down,It's Not My Time,man,0,0,,,
2008,53,Leona Lewis,Better In Time,woman,0,0,,,
2008,54,Soulja Boy Tell'em,Crank That (Soulja Boy),man,0,0,,,
2008,55,Linkin Park,Shadow Of The Day,man,0,0,,,
2008,56,"Wyclef Jean Featuring Akon, Lil Wayne & Niia",Sweetest Girl (Dollar Bill),mixed,0,0,,,
2008,57,Ne-Yo,Miss Independent,man,0,0,,,
2008,58,Secondhand Serenade,Fall For You,man,0,0,,,
2008,59,Flo Rida Featuring will.i.am,In The Ayer,man,0,0,,,
2008,60,John Mayer,Say,man,0,0,,,
2008,61,Jordin Sparks,One Step At A Time,woman,0,0,,,
2008,62,Rihanna Featuring Ne-Yo,Hate That I Love You,mixed,0,0,,,
2008,63,Lupe Fiasco Featuring Matthew Santos,Superstar,man,0,0,,,
2008,64,J. Holiday,Suffocate,man,0,0,,,
2008,65,Kevin Rudolf Featuring Lil Wayne,Let It Rock,man,0,0,,,
2008,66,David Banner Featuring Chris Brown,Get Like Me,man,0,0,,,
2008,67,Colbie Caillat,Realize,woman,0,0,,,
2008,68,Young Jeezy Featuring Kanye West,Put On,man,0,0,,,
2008,69,David Cook,The Time Of My Life,man,0,0,,,
2008,70,"Three 6 Mafia Featuring Project Pat, Young D & Superpower",Lolli Lolli (Pop That Body),man,0,0,,,
2008,71,Baby Bash Featuring T-Pain,Cyclone,man,0,0,,,
2008,72,Natasha Bedingfield Featuring Sean Kingston,Love Like This,mixed,0,0,,,
2008,73,Jonas Brothers,Burnin' Up,man,0,0,,,
2008,74,Kanye West,Love Lockdown,man,0,0,,,
2008,75,The-Dream,I Luv Your Girl,man,0,0,,,
2008,76,David Archuleta,Crush,man,0,0,,,
2008,77,Plies Featuring Akon,Hypnotized,man,0,0,,,
2008,78,Fergie,Big Girls Don't Cry,woman,1,0,Unspecified,,The Black Eyed Peas/Fergie
2008,79,Kanye West Featuring T-Pain,Good Life,man,0,0,,,
2008,80,Britney Spears,Womanizer,woman,0,0,,,
2008,81,Taylor Swift,Love Story,woman,0,0,,,
2008,82,Mary J. Blige,Just Fine,woman,0,0,,,
2008,83,Britney Spears,Piece Of Me,woman,0,0,,,
2008,84,Rick Ross Featuring T-Pain,The Boss,man,0,0,,,
2008,85,Kid Rock,All Summer Long,man,0,0,,,
2008,86,Trey Songz,Can't Help But Wait,man,0,0,,,
2008,87,Gavin DeGraw,In Love With A Girl,man,0,0,,,
2008,88,The Game Featuring Lil Wayne,My Life,man,0,0,,,
2008,89,Keyshia Cole,I Remember,woman,0,0,,,
2008,90,Kanye West Featuring Dwele,Flashing Lights,man,0,0,,,
2008,91,Lil Wayne Featuring Bobby Valentino & Kidd Kidd,Mrs. Officer,man,0,0,,,
2008,92,Miley Cyrus,7 Things,nb,1,0,Unspecified,,Miley Cyrus
2008,93,Trace Adkins,You're Gonna Miss This,man,0,0,,,
2008,94,Gavin Rossdale,Love Remains The Same,man,1,0,Unspecified,,Gavin Rossdale
2008,95,Daughtry,Feels Like Tonight,man,0,0,,,
2008,96,Timbaland Featuring Keri Hilson,The Way I Are,mixed,0,0,,,
2008,97,Saving Abel,Addicted,man,0,0,,,
2008,98,Santana Featuring Chad Kroeger,Into The Night,man,0,0,,,
2008,99,Keyshia Cole,Heaven Sent,woman,0,0,,,
2008,100,2 Pistols Featuring T-Pain & Tay Dizm,She Got It,man,0,0,,,
2009,1,The Black Eyed Peas,Boom Boom Pow,mixed,1,0,Straight,,The Black Eyed Peas/Fergie
2009,2,Lady Gaga,Poker Face,woman,1,1,Both,"No, he can't read my poker face, (She's got me like nobody)",Lady Gaga
2009,3,Lady Gaga Featuring Colby O'Donis,Just Dance,mixed,1,0,Straight,,Lady Gaga
2009,4,The Black Eyed Peas,I Gotta Feeling,mixed,1,0,Straight,,The Black Eyed Peas/Fergie
2009,5,Taylor Swift,Love Story,woman,0,0,,,
2009,6,Flo Rida,Right Round,man,0,0,,,
2009,7,Jason Mraz,I'm Yours,man,1,0,Unspecified,,Jason Mraz
2009,8,Beyonce,Single Ladies (Put A Ring On It),woman,0,0,,,
2009,9,Kanye West,Heartless,man,0,0,,,
2009,10,The All-American Rejects,Gives You Hell,man,0,0,,,
2009,11,Taylor Swift,You Belong With Me,woman,0,0,,,
2009,12,T.I. Featuring Justin Timberlake,Dead And Gone,man,0,0,,,
2009,13,The Fray,You Found Me,man,0,0,,,
2009,14,Kings Of Leon,Use Somebody,man,0,0,,,
2009,15,Keri Hilson Featuring Kanye West & Ne-Yo,Knock You Down,mixed,0,0,,,
2009,16,Jamie Foxx Featuring T-Pain,Blame It,man,0,0,,,
2009,17,Pitbull,I Know You Want Me (Calle Ocho),man,0,0,,,
2009,18,T.I. Featuring Rihanna,Live Your Life,mixed,0,0,,,
2009,19,Soulja Boy Tell 'em Featuring Sammie,Kiss Me Thru The Phone,man,0,0,,,
2009,20,Jay Sean Featuring Lil Wayne,Down,man,0,0,,,
2009,21,Miley Cyrus,The Climb,nb,1,0,None,,Miley Cyrus
2009,22,Drake,Best I Ever Had,man,0,0,,,
2009,23,Kelly Clarkson,My Life Would Suck Without You,woman,0,0,,,
2009,24,Beyonce,Halo,woman,0,0,,,
2009,25,Katy Perry,Hot N Cold,woman,0,0,,,
2009,26,Shinedown,Second Chance,man,0,0,,,
2009,27,Britney Spears,Circus,woman,0,0,,,
2009,28,Kid Cudi,Day 'N' Nite,man,0,0,,,
2009,29,Miley Cyrus,Party In The U.S.A.,nb,1,0,None,,Miley Cyrus
2009,30,3OH!3,Don't Trust Me,man,0,0,,,
2009,31,"Jay-Z, Rihanna & Kanye West",Run This Town,mixed,0,0,,,
2009,32,Kevin Rudolf Featuring Lil Wayne,Let It Rock,man,0,0,,,
2009,33,Sean Kingston,Fire Burning,man,0,0,,,
2009,34,Jason Derulo,Whatcha Say,man,0,0,,,
2009,35,Lady Gaga,LoveGame,woman,1,0,Straight,,Lady Gaga
2009,36,Katy Perry,Waking Up In Vegas,woman,0,0,,,
2009,37,Jeremih,Birthday Sex,man,0,0,,,
2009,38,P!nk,Sober,woman,0,0,,,
2009,39,Britney Spears,Womanizer,woman,0,0,,,
2009,40,T.I.,Whatever You Like,man,0,0,,,
2009,41,Mariah Carey,Obsessed,woman,0,0,,,
2009,42,Ne-Yo,Mad,man,0,0,,,
2009,43,Cobra Starship Featuring Leighton Meester,Good Girls Go Bad,mixed,0,0,,,
2009,44,Kanye West,Love Lockdown,man,0,0,,,
2009,45,P!nk,So What,woman,0,0,,,
2009,46,Pitbull,Hotel Room Service,man,0,0,,,
2009,47,"Eminem, Dr. Dre & 50 Cent",Crack A Bottle,man,0,0,,,
2009,48,Beyonce,If I Were A Boy,woman,0,0,,,
2009,49,Keri Hilson Featuring Lil Wayne,Turnin Me On,mixed,0,0,,,
2009,50,The Pussycat Dolls,I Hate This Part,woman,0,0,,,
2009,51,Nickelback,Gotta Be Somebody,man,0,0,,,
2009,52,P!nk,Please Don't Leave Me,woman,0,0,,,
2009,53,Lady Gaga,Paparazzi,woman,1,0,Straight,,Lady Gaga
2009,54,Akon Featuring Colby O'Donis & Kardinal Offishall,Beautiful,man,0,0,,,
2009,55,Coldplay,Viva La Vida,man,0,0,,,
2009,56,Akon,Right Now (Na Na Na),man,0,0,,,
2009,57,Jordin Sparks,Battlefield,woman,0,0,,,
2009,58,Flo Rida Featuring Wynter,Sugar,mixed,0,0,,,
2009,59,Ne-Yo,Miss Independent,man,0,0,,,
2009,60,Owl City,Fireflies,man,0,0,,,
2009,61,Linkin Park,New Divide,man,0,0,,,
2009,62,Jay-Z + Alicia Keys,Empire State Of Mind,mixed,0,0,,,
2009,63,Daughtry,No Surprise,man,0,0,,,
2009,64,Shakira,She Wolf,woman,0,0,,,
2009,65,Mario Featuring Gucci Mane & Sean Garrett,Break Up,man,0,0,,,
2009,66,Beyonce,Sweet Dreams,woman,0,0,,,
2009,67,Young Money,Every Girl,man,0,0,,,
2009,68,Colbie Caillat,Fallin' For You,woman,0,0,,,
2009,69,The Veronicas,Untouched,woman,1,0,Unspecified,,The Veronicas
2009,70,Nickelback,If Today Was Your Last Day,man,0,0,,,
2009,71,Fabolous Featuring The-Dream,Throw It In The Bag,man,0,0,,,
2009,72,Boys Like Girls,Love Drunk,man,0,0,,,
2009,73,Asher Roth,I Love College,man,0,0,,,
2009,74,Britney Spears,If U Seek Amy,woman,0,1,,"All of the boys and all of the girls are begging to, if you seek Amy",
2009,75,Jason Aldean,Big Green Tractor,man,0,0,,,
2009,76,Taylor Swift,White Horse,woman,0,0,,,
2009,77,Rihanna,Disturbia,woman,0,0,,,
2009,78,Green Day,21 Guns,man,1,0,Unspecified,,Green Day
2009,79,Soulja Boy Tell'em,Turn My Swag On,man,0,0,,,
2009,80,The-Dream,Rockin' That Thang,man,0,0,,,
2009,81,Zac Brown Band,Chicken Fried,man,0,0,,,
2009,82,Beyonce,Diva,woman,0,0,,,
2009,83,Iyaz,Replay,man,0,0,,,
2009,84,Brad Paisley,Then,man,0,0,,,
2009,85,Rob Thomas,Her Diamonds,man,0,0,,,
2009,86,Jesse McCartney Featuring Ludacris,How Do You Sleep?,man,0,0,,,
2009,87,Britney Spears,3,woman,0,0,,,
2009,88,"Drake Featuring Kanye West, Lil Wayne & Eminem",Forever,man,0,0,,,
2009,89,Justin Bieber,One Time,man,0,0,,,
2009,90,Lady Antebellum,I Run To You,mixed,0,0,,,
2009,91,Kelly Clarkson,I Do Not Hook Up,woman,0,0,,,
2009,92,John Legend Featuring Andre 3000,Green Light,man,0,0,,,
2009,93,Billy Currington,People Are Crazy,man,0,0,,,
2009,94,Zac Brown Band,Whatever It Is,man,0,0,,,
2009,95,Kelly Clarkson,Already Gone,woman,0,0,,,
2009,96,Kristinia DeBarge,Goodbye,woman,0,0,,,
2009,97,Michael Franti & Spearhead Featuring Cherine Anderson,Say Hey (I Love You),mixed,0,0,,,
2009,98,Jim Jones & Ron Browz Featuring Juelz Santana,Pop Champagne,man,0,0,,,
2009,99,Maxwell,Pretty Wings,man,0,0,,,
2009,100,The Fray,Never Say Never,man,0,0,,,
2010,1,Ke$ha,TiK ToK,woman,1,0,Straight,,Kesha
2010,2,Lady Antebellum,Need You Now,mixed,0,0,,,
2010,3,Train,"Hey, Soul Sister",man,0,0,,,
2010,4,Katy Perry Featuring Snoop Dogg,California Gurls,mixed,0,0,,,
2010,5,Usher Featuring will.i.am,OMG,man,0,0,,,
2010,6,B.o.B Featuring Hayley Williams,Airplanes,mixed,0,0,,,
2010,7,Eminem Featuring Rihanna,Love The Way You Lie,mixed,0,0,,,
2010,8,Lady Gaga,Bad Romance,woman,1,0,Unspecified,,Lady Gaga
2010,9,Taio Cruz,Dynamite,man,0,0,,,
2010,10,Taio Cruz Featuring Ludacris,Break Your Heart,man,0,0,,,
2010,11,B.o.B Featuring Bruno Mars,Nothin' On You,man,0,0,,,
2010,12,Enrique Iglesias Featuring Pitbull,I Like It,man,0,0,,,
2010,13,Young Money Featuring Lloyd,BedRock,man,0,0,,,
2010,14,Jason Derulo,In My Head,man,0,0,,,
2010,15,Rihanna,Rude Boy,woman,0,0,,,
2010,16,Lady Gaga Featuring Beyonce,Telephone,woman,1,0,Straight,,Lady Gaga
2010,17,Katy Perry,Teenage Dream,woman,0,0,,,
2010,18,Bruno Mars,Just The Way You Are,man,0,0,,,
2010,19,Mike Posner,Cooler Than Me,man,0,0,,,
2010,20,The Black Eyed Peas,Imma Be,mixed,1,0,Straight,,The Black Eyed Peas/Fergie
2010,21,Jay-Z + Alicia Keys,Empire State Of Mind,mixed,0,0,,,
2010,22,Usher Featuring Pitbull,DJ Got Us Fallin' In Love,man,0,0,,,
2010,23,Travie McCoy Featuring Bruno Mars,Billionaire,man,0,0,,,
2010,24,Eminem,Not Afraid,man,0,0,,,
2010,25,Iyaz,Replay,man,0,0,,,
2010,26,David Guetta Featuring Akon,Sexy Chick,man,0,0,,,
2010,27,The Script,Breakeven,man,0,0,,,
2010,28,Ke$ha,Your Love Is My Drug,woman,1,0,Straight,,Kesha
2010,29,The Black Eyed Peas,I Gotta Feeling,mixed,1,0,Straight,,The Black Eyed Peas/Fergie
2010,30,Owl City,Fireflies,man,0,0,,,
2010,31,Trey Songz Featuring Fabolous,Say Aah,man,0,0,,,
2010,32,Drake,Find Your Love,man,0,0,,,
2010,33,Lady Gaga,Alejandro,woman,1,0,Straight,,Lady Gaga
2010,34,Jason Derulo,Ridin' Solo,man,0,0,,,
2010,35,Nelly,Just A Dream,man,0,0,,,
2010,36,Ludacris,How Low,man,0,0,,,
2010,37,Far*East Movement Featuring Cataracs & Dev,Like A G6,mixed,0,0,,,
2010,38,Timbaland Featuring Justin Timberlake,Carry Out,man,0,0,,,
2010,39,Michael Buble,Haven't Met You Yet,man,0,0,,,
2010,40,Flo Rida Featuring David Guetta,Club Can't Handle Me,man,0,0,,,
2010,41,Jay Sean Featuring Lil Wayne,Down,man,0,0,,,
2010,42,La Roux,Bulletproof,mixed,1,0,Unspecified,,La Roux
2010,43,Jason Derulo,Whatcha Say,man,0,0,,,
2010,44,Justin Bieber Featuring Ludacris,Baby,man,0,0,,,
2010,45,Adam Lambert,Whataya Want From Me,man,1,0,Unspecified,,Adam Lambert
2010,46,Taylor Swift,Mine,woman,0,0,,,
2010,47,Rihanna,Only Girl (In The World),woman,0,0,,,
2010,48,Kris Allen,Live Like We're Dying,man,0,0,,,
2010,49,Rihanna Featuring Jeezy,Hard,mixed,0,0,,,
2010,50,Jay-Z + Mr. Hudson,Young Forever,man,0,0,,,
2010,51,Ke$ha Featuring 3OH!3,Blah Blah Blah,mixed,1,0,Straight,,Kesha
2010,52,Trey Songz Featuring Nicki Minaj,Bottoms Up,woman,0,0,,,
2010,53,Jay Sean Featuring Sean Paul & Lil Jon,Do You Remember,man,0,0,,,
2010,54,OneRepublic,All The Right Moves,man,0,0,,,
2010,55,Orianthi,According To You,woman,0,0,,,
2010,56,Ludacris Featuring Nicki Minaj,My Chick Bad,mixed,0,0,,,
2010,57,Taylor Swift,You Belong With Me,woman,0,0,,,
2010,58,The Black Eyed Peas,Meet Me Halfway,mixed,1,0,Straight,,The Black Eyed Peas/Fergie
2010,59,Ke$ha,Take It Off,woman,1,0,Unspecified,,Kesha
2010,60,Drake,Over,man,0,0,,,
2010,61,Neon Trees,Animal,mixed,1,0,Unspecified,,Neon Trees
2010,62,Maroon 5,Misery,man,0,0,,,
2010,63,B.o.B Featuring Rivers Cuomo,Magic,man,0,0,,,
2010,64,Lady Gaga,Paparazzi,woman,1,0,Straight,,Lady Gaga
2010,65,New Boyz Featuring Ray J,Tie Me Down,man,0,0,,,
2010,66,Nicki Minaj,Your Love,woman,0,0,,,
2010,67,Miley Cyrus,Party In The U.S.A.,nb,1,0,None,,Miley Cyrus
2010,68,Chris Brown Featuring Tyga & Kevin McCall,Deuces,man,0,0,,,
2010,69,Britney Spears,3,woman,0,0,,,
2010,70,Shontelle,Impossible,woman,0,0,,,
2010,71,"Drake Featuring Kanye West, Lil Wayne & Eminem",Forever,man,0,0,,,
2010,72,Boys Like Girls Featuring Taylor Swift,Two Is Better Than One,mixed,0,0,,,
2010,73,3OH!3 Featuring Ke$ha,My First Kiss,mixed,1,0,Straight,,Kesha
2010,74,Kelly Clarkson,Already Gone,woman,0,0,,,
2010,75,The Black Eyed Peas,Rock That Body,mixed,1,0,Straight,,The Black Eyed Peas/Fergie
2010,76,OneRepublic,Secrets,man,0,0,,,
2010,77,Selena Gomez & The Scene,Naturally,mixed,0,0,,,
2010,78,Alicia Keys,Un-Thinkable (I'm Ready),woman,0,0,,,
2010,79,"DJ Khaled Featuring T-Pain, Ludacris, Snoop Dogg & Rick Ross",All I Do Is Win,man,0,0,,,
2010,80,"Kevin Rudolf Featuring Birdman, Jay Sean, & Lil Wayne",I Made It (Cash Money Heroes),man,0,0,,,
2010,81,Sugarland,Stuck Like Glue,mixed,0,0,,,
2010,82,Usher Featuring Plies,Hey Daddy (Daddy's Home),man,0,0,,,
2010,83,Usher,There Goes My Baby,man,0,0,,,
2010,84,Taylor Swift,Today Was A Fairytale,woman,0,0,,,
2010,85,Timbaland Featuring Drake,Say Something,man,0,0,,,
2010,86,Beyonce,Sweet Dreams,woman,0,0,,,
2010,87,Kings Of Leon,Use Somebody,man,0,0,,,
2010,88,Carrie Underwood,Undo It,woman,0,0,,,
2010,89,Sean Kingston & Justin Bieber,Eenie Meenie,man,0,0,,,
2010,90,Lil Wayne Featuring Drake,Right Above It,man,0,0,,,
2010,91,Miranda Lambert,The House That Built Me,woman,0,0,,,
2010,92,The Band Perry,If I Die Young,mixed,0,0,,,
2010,93,Paramore,The Only Exception,mixed,0,0,,,
2010,94,Lady Antebellum,American Honey,mixed,0,0,,,
2010,95,Sara Bareilles,King Of Anything,woman,0,0,,,
2010,96,Daughtry,Life After You,man,0,0,,,
2010,97,Uncle Kracker,Smile,man,0,0,,,
2010,98,Cali Swag District,Teach Me How To Dougie,man,0,0,,,
2010,99,Alicia Keys,Try Sleeping With A Broken Heart,woman,0,0,,,
2010,100,Jerrod Niemann,"Lover, Lover",man,0,0,,,
2011,1,Adele,Rolling In The Deep,woman,0,0,,,
2011,2,LMFAO Featuring Lauren Bennett & GoonRock,Party Rock Anthem,mixed,0,0,,,
2011,3,Katy Perry,Firework,woman,0,0,,,
2011,4,Katy Perry Featuring Kanye West,E.T.,mixed,0,0,,,
2011,5,"Pitbull Featuring Ne-Yo, Afrojack & Nayer",Give Me Everything,mixed,0,0,,,
2011,6,Bruno Mars,Grenade,man,0,0,,,
2011,7,CeeLo Green,Forget You,man,0,0,,,
2011,8,Nicki Minaj,Super Bass,woman,0,0,,,
2011,9,Maroon 5 Featuring Christina Aguilera,Moves Like Jagger,mixed,0,0,,,
2011,10,The Black Eyed Peas,Just Can't Get Enough,mixed,1,0,Straight,,The Black Eyed Peas/Fergie
2011,11,Jennifer Lopez Featuring Pitbull,On The Floor,mixed,0,0,,,
2011,12,Rihanna,S&M,woman,0,0,,,
2011,13,Foster The People,Pumped Up Kicks,man,0,0,,,
2011,14,Katy Perry,Last Friday Night (T.G.I.F.),woman,0,0,,,
2011,15,Bruno Mars,Just The Way You Are,man,0,0,,,
2011,16,Enrique Iglesias Featuring Ludacris & DJ Frank E,Tonight (I'm Lovin' You),man,0,0,,,
2011,17,P!nk,Raise Your Glass,woman,0,0,,,
2011,18,Lady Gaga,Born This Way,woman,1,0,None,,Lady Gaga
2011,19,P!nk,F**kin' Perfect,woman,0,0,,,
2011,20,Rihanna Featuring Drake,What's My Name?,mixed,0,0,,,
2011,21,Chris Brown Featuring Lil Wayne & Busta Rhymes,Look At Me Now,man,0,0,,,
2011,22,Jeremih Featuring 50 Cent,Down On Me,man,0,0,,,
2011,23,Lil Wayne,How To Love,man,0,0,,,
2011,24,Adele,Someone Like You,woman,0,0,,,
2011,25,OneRepublic,Good Life,man,0,0,,,
2011,26,Bruno Mars,The Lazy Song,man,0,0,,,
2011,27,Britney Spears,Till The World Ends,woman,0,0,,,
2011,28,Lupe Fiasco,The Show Goes On,man,0,0,,,
2011,29,Lady Gaga,The Edge Of Glory,woman,1,0,Straight,,Lady Gaga
2011,30,Ke$ha,We R Who We R,woman,1,0,Straight,,Kesha
2011,31,Wiz Khalifa,Black And Yellow,man,0,0,,,
2011,32,Hot Chelle Rae,Tonight Tonight,man,0,0,,,
2011,33,Ke$ha,Blow,woman,1,0,None,,Kesha
2011,34,Bad Meets Evil Featuring Bruno Mars,Lighters,man,0,0,,,
2011,35,The Band Perry,If I Die Young,mixed,0,0,,,
2011,36,Gym Class Heroes Featuring Adam Levine,Stereo Hearts,man,0,0,,,
2011,37,The Black Eyed Peas,The Time (Dirty Bit),mixed,1,0,Straight,,The Black Eyed Peas/Fergie
2011,38,Diddy - Dirty Money Featuring Skylar Grey,Coming Home,mixed,0,0,,,
2011,39,Pitbull Featuring T-Pain,Hey Baby (Drop It To The Floor),man,0,0,,,
2011,40,Rihanna,Only Girl (In The World),woman,0,0,,,
2011,41,Lil Wayne Featuring Cory Gunz,6 Foot 7 Foot,man,0,0,,,
2011,42,Lady Antebellum,Just A Kiss,mixed,0,0,,,
2011,43,Jason Aldean,Dirt Road Anthem,man,0,0,,,
2011,44,Taio Cruz,Dynamite,man,0,0,,,
2011,45,Waka Flocka Flame Featuring Roscoe Dash & Wale,No Hands,man,0,0,,,
2011,46,Britney Spears,I Wanna Go,woman,0,0,,,
2011,47,"DJ Khaled Featuring Drake, Rick Ross & Lil Wayne",I'm On One,man,0,0,,,
2011,48,Cobra Starship Featuring Sabi,You Make Me Feel...,mixed,0,0,,,
2011,49,Chris Brown,Yeah 3X,man,0,0,,,
2011,50,Nicki Minaj Featuring Drake,Moment 4 Life,mixed,0,0,,,
2011,51,Dr. Dre Featuring Eminem & Skylar Grey,I Need A Doctor,mixed,0,0,,,
2011,52,Nelly,Just A Dream,man,0,0,,,
2011,53,Kelly Rowland Featuring Lil Wayne,Motivation,mixed,0,0,,,
2011,54,Edward Maya & Vika Jigulina,Stereo Love,mixed,0,0,,,
2011,55,Christina Perri,Jar Of Hearts,woman,0,0,,,
2011,56,Wiz Khalifa,Roll Up,man,0,0,,,
2011,57,LMFAO,Sexy And I Know It,man,0,0,,,
2011,58,Far*East Movement Featuring Ryan Tedder,Rocketeer,mixed,0,0,,,
2011,59,Kanye West,All Of The Lights,man,0,0,,,
2011,60,Britney Spears,Hold It Against Me,woman,0,0,,,
2011,61,Usher,More,man,0,0,,,
2011,62,Avril Lavigne,What The Hell,woman,0,0,,,
2011,63,Tinie Tempah Featuring Eric Turner,Written In The Stars,man,0,0,,,
2011,64,Trey Songz Featuring Nicki Minaj,Bottoms Up,mixed,0,0,,,
2011,65,Usher Featuring Pitbull,DJ Got Us Fallin' In Love,man,0,0,,,
2011,66,The Script,For The First Time,man,0,0,,,
2011,67,Blake Shelton,Honey Bee,man,0,0,,,
2011,68,Jason Aldean With Kelly Clarkson,Don't You Wanna Stay,mixed,0,0,,,
2011,69,Rihanna Featuring Calvin Harris,We Found Love,mixed,0,0,,,
2011,70,Keri Hilson,Pretty Girl Rock,woman,0,0,,,
2011,71,Lady Gaga,You And I,woman,1,0,Straight,,Lady Gaga
2011,72,Far*East Movement Featuring Cataracs & Dev,Like A G6,mixed,0,0,,,
2011,73,David Guetta Featuring Usher,Without You,man,0,0,,,
2011,74,Taylor Swift,Back To December,woman,0,0,,,
2011,75,Katy Perry,Teenage Dream,woman,0,0,,,
2011,76,Eli Young Band,Crazy Girl,man,0,0,,,
2011,77,Rihanna,Cheers (Drink To That),woman,0,0,,,
2011,78,Selena Gomez & The Scene,Who Says,mixed,0,0,,,
2011,79,Jake Owen,Barefoot Blue Jean Night,man,0,0,,,
2011,80,Zac Brown Band Featuring Jimmy Buffett,Knee Deep,man,0,0,,,
2011,81,Luke Bryan,Country Girl (Shake It For Me),man,0,0,,,
2011,82,Brad Paisley Duet With Carrie Underwood,Remind Me,mixed,0,0,,,
2011,83,Dev,In The Dark,woman,0,0,,,
2011,84,New Boyz Featuring The Cataracs & Dev,Backseat,mixed,0,0,,,
2011,85,Drake,Headlines,man,0,0,,,
2011,86,Beyonce,Best Thing I Never Had,woman,0,0,,,
2011,87,Jason Derulo,Don't Wanna Go Home,man,0,0,,,
2011,88,David Guetta Featuring Flo Rida & Nicki Minaj,Where Them Girls At,mixed,0,0,,,
2011,89,Chris Brown,She Ain't You,man,0,0,,,
2011,90,Rodney Atkins,Take A Back Road,man,0,0,,,
2011,91,Mike Posner,Please Don't Go,man,0,0,,,
2011,92,Miguel,Sure Thing,man,0,0,,,
2011,93,Jessie J Featuring B.o.B,Price Tag,mixed,0,0,,,
2011,94,Blake Shelton,God Gave Me You,man,0,0,,,
2011,95,Lil Wayne Featuring Drake,She Will,man,0,0,,,
2011,96,Thompson Square,Are You Gonna Kiss Me Or Not,mixed,0,0,,,
2011,97,Neon Trees,Animal,man,1,0,Unspecified,,Neon Trees
2011,98,Kenny Chesney Featuring Grace Potter,You And Tequila,mixed,0,0,,,
2011,99,Zac Brown Band,Colder Weather,man,0,0,,,
2011,100,Big Sean Featuring Chris Brown,My Last,man,0,0,,,
2012,1,Gotye Featuring Kimbra,Somebody That I Used To Know,mixed,0,0,,,
2012,2,Carly Rae Jepsen,Call Me Maybe,woman,0,0,,,
2012,3,fun. Featuring Janelle Monáe,We Are Young,mixed,1,0,Straight,,Janelle Monáe
2012,4,Maroon 5 Featuring Wiz Khalifa,Payphone,man,0,0,,,
2012,5,Ellie Goulding,Lights,woman,0,0,,,
2012,6,The Wanted,Glad You Came,man,0,0,,,
2012,7,Kelly Clarkson,Stronger (What Doesn't Kill You),woman,0,0,,,
2012,8,Rihanna Featuring Calvin Harris,We Found Love,mixed,0,0,,,
2012,9,Nicki Minaj,Starships,woman,0,0,,,
2012,10,One Direction,What Makes You Beautiful,man,0,0,,,
2012,11,Flo Rida Featuring Sia,Wild Ones,mixed,1,0,Straight,,Sia
2012,12,Adele,Set Fire To The Rain,woman,0,0,,,
2012,13,LMFAO,Sexy And I Know It,man,0,0,,,
2012,14,fun.,Some Nights,man,0,0,,,
2012,15,Katy Perry,Wide Awake,woman,0,0,,,
2012,16,Flo Rida,Good Feeling,man,0,0,,,
2012,17,Flo Rida,Whistle,man,0,0,,,
2012,18,Maroon 5,One More Night,man,0,0,,,
2012,19,Train,Drive By,man,0,0,,,
2012,20,Drake Featuring Lil Wayne,The Motto,man,0,0,,,
2012,21,Rihanna,Where Have You Been,woman,0,0,,,
2012,22,Neon Trees,Everybody Talks,mixed,1,0,Straight,,Neon Trees
2012,23,Drake Featuring Rihanna,Take Care,mixed,0,0,,,
2012,24,David Guetta Featuring Sia,Titanium,mixed,1,0,Unspecified,,Sia
2012,25,Jason Mraz,I Won't Give Up,man,1,0,Unspecified,,Jason Mraz
2012,26,Bruno Mars,It Will Rain,man,0,0,,,
2012,27,"Kanye West, Big Sean, Pusha T, 2 Chainz",Mercy,man,0,0,,,
2012,28,Justin Bieber,Boyfriend,man,0,0,,,
2012,29,LMFAO Featuring Lauren Bennett & GoonRock,Party Rock Anthem,man,0,0,,,
2012,30,Alex Clare,Too Close,man,0,0,,,
2012,31,Katy Perry,Part Of Me,woman,0,0,,,
2012,32,Snoop Dogg & Wiz Khalifa Featuring Bruno Mars,"Young, Wild & Free",man,0,0,,,
2012,33,Taylor Swift,We Are Never Ever Getting Back Together,woman,0,0,,,
2012,34,Justin Bieber Featuring Big Sean,As Long As You Love Me,man,0,0,,,
2012,35,David Guetta Featuring Nicki Minaj,Turn Me On,mixed,0,0,,,
2012,36,Maroon 5 Featuring Christina Aguilera,Moves Like Jagger,mixed,0,0,,,
2012,37,P!nk,Blow Me (One Last Kiss),woman,0,0,,,
2012,38,Owl City & Carly Rae Jepsen,Good Time,mixed,0,0,,,
2012,39,Demi Lovato,Give Your Heart A Break,nb,1,0,Unspecified,,Demi Lovato
2012,40,Jay Z Kanye West,Ni**as in Paris,man,0,0,,,
2012,41,Katy Perry,The One That Got Away,woman,0,0,,,
2012,42,Calvin Harris,Feel So Close,man,0,0,,,
2012,43,Adele,Someone Like You,woman,0,0,,,
2012,44,Usher,Scream,man,0,0,,,
2012,45,Tyga,Rack City,man,0,0,,,
2012,46,Jessie J,Domino,woman,0,0,,,
2012,47,PSY,Gangnam Style,man,0,0,,,
2012,48,Pitbull Featuring Chris Brown,International Love,man,0,0,,,
2012,49,Phillip Phillips,Home,man,0,0,,,
2012,50,David Guetta Featuring Usher,Without You,man,0,0,,,
2012,51,Gym Class Heroes Featuring Neon Hitch,Ass Back Home,mixed,0,0,,,
2012,52,Hunter Hayes,Wanted,man,0,0,,,
2012,53,Luke Bryan,Drunk On You,man,0,0,,,
2012,54,2 Chainz Featuring Drake,No Lie,man,0,0,,,
2012,55,Cher Lloyd,Want U Back,woman,0,0,,,
2012,56,Chris Brown,Don't Wake Me Up,man,0,0,,,
2012,57,Big Sean Featuring Nicki Minaj,Dance (A$$),mixed,0,0,,,
2012,58,Eric Church,Springsteen,man,0,0,,,
2012,59,Karmin,Brokenhearted,mixed,0,0,,,
2012,60,Gavin DeGraw,Not Over You,man,0,0,,,
2012,61,Gym Class Heroes Featuring Adam Levine,Stereo Hearts,man,0,0,,,
2012,62,Pitbull,Back In Time,man,0,0,,,
2012,63,J. Cole,Work Out,man,0,0,,,
2012,64,Adele,Rumour Has It,woman,0,0,,,
2012,65,Calvin Harris Featuring Ne-Yo,Let's Go,man,0,0,,,
2012,66,Carrie Underwood,Good Girl,woman,0,0,,,
2012,67,Little Big Town,Pontoon,mixed,0,0,,,
2012,68,The Lumineers,Ho Hey,mixed,0,0,,,
2012,69,Coldplay,Paradise,man,0,0,,,
2012,70,Carrie Underwood,Blown Away,woman,0,0,,,
2012,71,Adele,Rolling In The Deep,woman,0,0,,,
2012,72,Usher,Climax,man,0,0,,,
2012,73,Wiz Khalifa,"Work Hard, Play Hard",man,0,0,,,
2012,74,Ne-Yo,Let Me Love You (Until You Learn To Love Yourself),man,0,0,,,
2012,75,Nicki Minaj,Pound The Alarm,woman,0,0,,,
2012,76,Kenny Chesney,Come Over,man,0,0,,,
2012,77,Trey Songz,Heart Attack,man,0,0,,,
2012,78,Kirko Bangz,Drank In My Cup,man,0,0,,,
2012,79,Rihanna Featuring Chris Brown,Birthday Cake,mixed,0,0,,,
2012,80,B.o.B,So Good,man,0,0,,,
2012,81,Train,50 Ways To Say Goodbye,man,0,0,,,
2012,82,Toby Keith,Red Solo Cup,man,0,0,,,
2012,83,Selena Gomez & The Scene,Love You Like A Love Song,mixed,0,0,,,
2012,84,Chris Brown,Turn Up The Music,man,0,0,,,
2012,85,Ke$ha,Die Young,woman,1,0,Unspecified,,Kesha
2012,86,T-Pain Featuring Wiz Khalifa & Lily Allen,5 O'Clock,mixed,0,0,,,
2012,87,Christina Perri,A Thousand Years,woman,0,0,,,
2012,88,Jason Aldean,Take A Little Ride,man,0,0,,,
2012,89,Rihanna,You Da One,woman,0,0,,,
2012,90,Havana Brown Featuring Pitbull,We Run The Night,mixed,0,0,,,
2012,91,Imagine Dragons,It's Time,man,0,0,,,
2012,92,Ca$h Out,Cashin' Out,man,0,0,,,
2012,93,Luke Bryan,I Don't Want This Night To End,man,0,0,,,
2012,94,Rihanna,Diamonds,woman,0,0,,,
2012,95,Lee Brice,Hard To Love,man,0,0,,,
2012,96,Kip Moore,Somethin' 'Bout A Truck,man,0,0,,,
2012,97,Miguel,Adorn,man,0,0,,,
2012,98,Jason Aldean,Fly Over States,man,0,0,,,
2012,99,Eli Young Band,Even If It Breaks Your Heart,man,0,0,,,
2012,100,Linkin Park,Burn It Down,man,0,0,,,
2013,1,Macklemore & Ryan Lewis Featuring Wanz,Thrift Shop,man,0,0,,,
2013,2,Robin Thicke Featuring T.I. + Pharrell,Blurred Lines,man,0,0,,,
2013,3,Imagine Dragons,Radioactive,man,0,0,,,
2013,4,Baauer,Harlem Shake,man,0,0,,,
2013,5,Macklemore & Ryan Lewis Featuring Ray Dalton,Can't Hold Us,man,0,0,,,
2013,6,Justin Timberlake,Mirrors,man,0,0,,,
2013,7,P!nk Featuring Nate Ruess,Just Give Me A Reason,mixed,0,0,,,
2013,8,Bruno Mars,When I Was Your Man,man,0,0,,,
2013,9,Florida Georgia Line Featuring Nelly,Cruise,man,0,0,,,
2013,10,Katy Perry,Roar,woman,0,0,,,
2013,11,Bruno Mars,Locked Out Of Heaven,man,0,0,,,
2013,12,The Lumineers,Ho Hey,mixed,0,0,,,
2013,13,Rihanna Featuring Mikky Ekko,Stay,mixed,0,0,,,
2013,14,Daft Punk Featuring Pharrell Williams,Get Lucky,man,0,0,,,
2013,15,Lorde,Royals,woman,0,0,,,
2013,16,Taylor Swift,I Knew You Were Trouble.,woman,0,0,,,
2013,17,Miley Cyrus,We Can't Stop,nb,1,0,None,,Miley Cyrus
2013,18,Miley Cyrus,Wrecking Ball,nb,1,0,Unspecified,,Miley Cyrus
2013,19,Avicii,Wake Me Up!,man,0,0,,,
2013,20,Justin Timberlake Featuring JAY Z,Suit & Tie,man,0,0,,,
2013,21,Anna Kendrick,Cups (Pitch Perfect's When I'm Gone),woman,0,0,,,
2013,22,Jay Z Featuring Justin Timberlake,Holy Grail,man,0,0,,,
2013,23,will.i.am & Britney Spears,Scream & Shout,woman,0,0,,,
2013,24,Zedd Featuring Foxes,Clarity,mixed,0,0,,,
2013,25,AWOLNATION,Sail,man,0,0,,,
2013,26,Swedish House Mafia Featuring John Martin,Don't You Worry Child,man,0,0,,,
2013,27,Rihanna,Diamonds,woman,0,0,,,
2013,28,Icona Pop Featuring Charli XCX,I Love It,woman,0,0,,,
2013,29,Capital Cities,Safe And Sound,man,0,0,,,
2013,30,Bruno Mars,Treasure,man,0,0,,,
2013,31,Ariana Grande Featuring Mac Miller,The Way,mixed,0,0,,,
2013,32,Drake,Started From The Bottom,man,0,0,,,
2013,33,Selena Gomez,Come & Get It,woman,0,0,,,
2013,34,Drake Featuring Majid Jordan,"Hold On, We're Going Home",man,0,0,,,
2013,35,Maroon 5,Daylight,man,0,0,,,
2013,36,Pitbull Featuring Christina Aguilera,Feel This Moment,mixed,0,0,,,
2013,37,Lady Gaga,Applause,woman,1,0,None,,Lady Gaga
2013,38,Maroon 5,One More Night,man,0,0,,,
2013,39,Lil Wayne Featuring Drake & Future,Love Me,man,0,0,,,
2013,40,Fall Out Boy,My Songs Know What You Did In The Dark (Light Em Up),man,0,0,,,
2013,41,"A$AP Rocky Featuring Drake, 2 Chainz & Kendrick Lamar",F**kin Problems,man,0,0,,,
2013,42,Justin Bieber Featuring Nicki Minaj,Beauty And A Beat,mixed,0,0,,,
2013,43,Macklemore & Ryan Lewis Featuring Mary Lambert,Same Love,mixed,1,1,Both,"My love, my love, my love, She keeps me warm",Mary Lambert
2013,44,Calvin Harris Featuring Florence Welch,Sweet Nothing,mixed,0,0,,,
2013,45,Lana Del Rey & Cedric Gervais,Summertime Sadness,mixed,0,0,,,
2013,46,Phillip Phillips,Home,man,0,0,,,
2013,47,Imagine Dragons,It's Time,man,0,0,,,
2013,48,J. Cole Featuring Miguel,Power Trip,man,0,0,,,
2013,49,Alicia Keys Featuring Nicki Minaj,Girl On Fire,woman,0,0,,,
2013,50,Demi Lovato,Heart Attack,nb,1,0,Straight,,Demi Lovato
2013,51,Maroon 5,Love Somebody,man,0,0,,,
2013,52,Mumford & Sons,I Will Wait,man,0,0,,,
2013,53,P!nk,Try,woman,0,0,,,
2013,54,Darius Rucker,Wagon Wheel,man,0,0,,,
2013,55,PSY,Gangnam Style,man,0,0,,,
2013,56,Calvin Harris Featuring Ellie Goulding,I Need Your Love,mixed,0,0,,,
2013,57,Ke$ha,Die Young,woman,0,0,,,
2013,58,fun.,Some Nights,man,0,0,,,
2013,59,Wale Featuring Tiara Thomas Or Rihanna,Bad,mixed,0,0,,,
2013,60,Blake Shelton Featuring Pistol Annies & Friends,Boys 'round Here,mixed,0,0,,,
2013,61,Phillip Phillips,"Gone, Gone, Gone",man,0,0,,,
2013,62,Imagine Dragons,Demons,man,0,0,,,
2013,63,OneRepublic,Counting Stars,man,0,0,,,
2013,64,Flo Rida,I Cry,man,0,0,,,
2013,65,Of Monsters And Men,Little Talks,mixed,0,0,,,
2013,66,Jason Derulo,The Other Side,man,0,0,,,
2013,67,Eminem,Berzerk,man,0,0,,,
2013,68,Kelly Clarkson,Catch My Breath,woman,0,0,,,
2013,69,Luke Bryan,Crash My Party,man,0,0,,,
2013,70,Rihanna,Pour It Up,woman,0,0,,,
2013,71,Taylor Swift,22,woman,0,0,,,
2013,72,Hunter Hayes,I Want Crazy,man,0,0,,,
2013,73,Ylvis,The Fox,man,0,0,,,
2013,74,One Direction,Best Song Ever,man,0,0,,,
2013,75,Ed Sheeran,The A Team,man,0,0,,,
2013,76,fun.,Carry On,man,0,0,,,
2013,77,Tim McGraw With Taylor Swift,Highway Don't Care,mixed,0,0,,,
2013,78,Luke Bryan,That's My Kind Of Night,man,0,0,,,
2013,79,Kendrick Lamar,Swimming Pools (Drank),man,0,0,,,
2013,80,Blake Shelton,Sure Be Cool If You Did,man,0,0,,,
2013,81,Mariah Carey Featuring Miguel,#Beautiful,mixed,0,0,,,
2013,82,Olly Murs Featuring Flo Rida,Troublemaker,man,0,0,,,
2013,83,Ciara,Body Party,woman,0,0,,,
2013,84,Miguel,Adorn,man,0,0,,,
2013,85,The Script Featuring will.i.am,Hall Of Fame,man,0,0,,,
2013,86,Ne-Yo,Let Me Love You (Until You Learn To Love Yourself),man,0,0,,,
2013,87,Rocko Featuring Future & Rick Ross,U.O.E.N.O.,man,0,0,,,
2013,88,Emeli Sande,Next To Me,woman,0,0,,,
2013,89,Miranda Lambert,Mama's Broken Heart,woman,0,0,,,
2013,90,Thomas Rhett,It Goes Like This,man,0,0,,,
2013,91,Ace Hood Featuring Future & Rick Ross,Bugatti,man,0,0,,,
2013,92,Hunter Hayes,Wanted,man,0,0,,,
2013,93,Lady Antebellum,Downtown,mixed,0,0,,,
2013,94,Florida Georgia Line,Get Your Shine On,man,0,0,,,
2013,95,will.i.am Featuring Justin Bieber,#thatPOWER,man,0,0,,,
2013,96,Sara Bareilles,Brave,woman,0,0,,,
2013,97,Passenger,Let Her Go,man,0,0,,,
2013,98,Randy Houser,Runnin' Outta Moonlight,man,0,0,,,
2013,99,2 Chainz,I'm Different,man,0,0,,,
2013,100,Paramore,Still Into You,mixed,0,0,,,
2014,1,Pharrell Williams,Happy,man,0,0,,,
2014,2,Katy Perry Featuring Juicy J,Dark Horse,mixed,0,0,,,
2014,3,John Legend,All Of Me,man,0,0,,,
2014,4,Iggy Azalea Featuring Charli XCX,Fancy,woman,0,0,,,
2014,5,OneRepublic,Counting Stars,man,0,0,,,
2014,6,Jason Derulo Featuring 2 Chainz,Talk Dirty,man,0,0,,,
2014,7,MAGIC!,Rude,man,0,0,,,
2014,8,Meghan Trainor,All About That Bass,woman,0,0,,,
2014,9,Ariana Grande Featuring Iggy Azalea,Problem,woman,0,0,,,
2014,10,Sam Smith,Stay With Me,nb,1,0,Unspecified,,Sam Smith
2014,11,Pitbull Featuring Ke$ha,Timber,mixed,1,0,Straight,,Kesha
2014,12,Bastille,Pompeii,man,0,0,,,
2014,13,Taylor Swift,Shake It Off,woman,0,0,,,
2014,14,Nico & Vinz,Am I Wrong,man,0,0,,,
2014,15,DJ Snake & Lil Jon,Turn Down For What,man,0,0,,,
2014,16,Eminem Featuring Rihanna,The Monster,mixed,0,0,,,
2014,17,A Great Big World & Christina Aguilera,Say Something,mixed,0,0,,,
2014,18,Lorde,Team,woman,0,0,,,
2014,19,Passenger,Let Her Go,man,0,0,,,
2014,20,Lorde,Royals,woman,0,0,,,
2014,21,Idina Menzel,Let It Go,woman,0,0,,,
2014,22,Avicii,Wake Me Up!,man,0,0,,,
2014,23,Imagine Dragons,Demons,man,0,0,,,
2014,24,One Direction,Story Of My Life,man,0,0,,,
2014,25,Sia,Chandelier,woman,1,0,None,,Sia
2014,26,Iggy Azalea Featuring Rita Ora,Black Widow,woman,1,0,Unspecified,,Rita Ora
2014,27,"Jessie J, Ariana Grande & Nicki Minaj",Bang Bang,woman,0,0,,,
2014,28,Disclosure Featuring Sam Smith,Latch,mixed,1,0,Unspecified,,Sam Smith
2014,29,Maroon 5,Maps,man,0,0,,,
2014,30,Chris Brown Featuring Lil Wayne & French Montana Or Too $hort Or Tyga,Loyal,man,0,0,,,
2014,31,American Authors,Best Day Of My Life,man,0,0,,,
2014,32,Tove Lo,Habits (Stay High),woman,1,0,Unspecified,,Tove Lo
2014,33,Calvin Harris,Summer,man,0,0,,,
2014,34,Charli XCX,Boom Clap,woman,0,0,,,
2014,35,Beyonce Featuring Jay Z,Drunk In Love,mixed,0,0,,,
2014,36,Nicki Minaj,Anaconda,woman,0,0,,,
2014,37,Ariana Grande Featuring Zedd,Break Free,mixed,0,0,,,
2014,38,Enrique Iglesias Featuring Descemer Bueno & Gente de Zona,Bailando,man,0,0,,,
2014,39,Ellie Goulding,Burn,woman,0,0,,,
2014,40,Jason Derulo Featuring Snoop Dogg,Wiggle,man,0,0,,,
2014,41,Clean Bandit Featuring Jess Glynne,Rather Be,mixed,0,0,,,
2014,42,Jeremih Featuring YG,Don't Tell 'Em,man,0,0,,,
2014,43,Kid Ink Featuring Chris Brown,Show Me,man,0,0,,,
2014,44,Miley Cyrus,Wrecking Ball,nb,1,0,Unspecified,,Miley Cyrus
2014,45,Justin Timberlake,Not A Bad Thing,man,0,0,,,
2014,46,Katy Perry,Roar,woman,0,0,,,
2014,47,Paramore,Ain't It Fun,mixed,0,0,,,
2014,48,Aloe Blacc,The Man,man,0,0,,,
2014,49,Florida Georgia Line Featuring Luke Bryan,This Is How We Roll,man,0,0,,,
2014,50,MKTO,Classic,man,0,0,,,
2014,51,Coldplay,A Sky Full Of Stars,man,0,0,,,
2014,52,Ed Sheeran,Don't,man,0,0,,,
2014,53,Trey Songz,Na Na,man,0,0,,,
2014,54,Bobby Shmurda,Hot Boy,man,0,0,,,
2014,55,Drake Featuring Majid Jordan,"Hold On, We're Going Home",man,0,0,,,
2014,56,Ed Sheeran,Sing,man,0,0,,,
2014,57,Imagine Dragons,Radioactive,man,0,0,,,
2014,58,YG Featuring Jeezy & Rich Homie Quan,My Hitta,man,0,0,,,
2014,59,Echosmith,Cool Kids,mixed,0,0,,,
2014,60,Avicii,Hey Brother,man,0,0,,,
2014,61,Jason Derulo,Trumpets,man,0,0,,,
2014,62,Maroon 5,Animals,man,0,0,,,
2014,63,Jason Aldean,Burnin' It Down,man,0,0,,,
2014,64,Luke Bryan,Play It Again,man,0,0,,,
2014,65,Tinashe Featuring ScHoolboy Q,2 On,mixed,1,0,Straight,,Tinashe
2014,66,Florida Georgia Line,Dirt,man,0,0,,,
2014,67,OneRepublic,Love Runs Out,man,0,0,,,
2014,68,Brantley Gilbert,Bottoms Up,man,0,0,,,
2014,69,Becky G,Shower,woman,0,0,,,
2014,70,Rixton,Me And My Broken Heart,man,0,0,,,
2014,71,Martin Garrix,Animals,man,0,0,,,
2014,72,Rich Gang Featuring Young Thug & Rich Homie Quan,Lifestyle,man,0,0,,,
2014,73,Kenny Chesney,American Kids,man,0,0,,,
2014,74,Sara Bareilles,Brave,woman,0,0,,,
2014,75,The Neighbourhood,Sweater Weather,man,0,0,,,
2014,76,Sam Hunt,Leave The Night On,man,0,0,,,
2014,77,Chris Brown Featuring Usher & Rick Ross,New Flame,man,0,0,,,
2014,78,Michael Jackson & Justin Timberlake,Love Never Felt So Good,man,0,0,,,
2014,79,Dierks Bentley,Drunk On A Plane,man,0,0,,,
2014,80,Katy Perry,Birthday,woman,0,0,,,
2014,81,Lady Antebellum,Bartender,mixed,0,0,,,
2014,82,Naughty Boy Featuring Sam Smith,La La La,mixed,1,0,Unspecified,,Sam Smith
2014,83,Robin Thicke Featuring T.I. + Pharrell,Blurred Lines,man,0,0,,,
2014,84,Lady Gaga Featuring R. Kelly,Do What U Want,mixed,1,0,Straight,,Lady Gaga
2014,85,Shakira Featuring Rihanna,Can't Remember To Forget You,woman,0,0,,,
2014,86,5 Seconds Of Summer,Amnesia,man,0,0,,,
2014,87,T.I. Featuring Iggy Azalea,No Mediocre,mixed,0,0,,,
2014,88,KONGOS,Come With Me Now,man,0,0,,,
2014,89,Lil Wayne Featuring Drake,Believe Me,man,0,0,,,
2014,90,"Mike WiLL Made-It Featuring Miley Cyrus, Wiz Khalifa & Juicy J",23,mixed,1,0,None,,Miley Cyrus
2014,91,Jake Owen,Beachin',man,0,0,,,
2014,92,Macklemore & Ryan Lewis Featuring ScHoolboy Q & Hollis,White Walls,mixed,0,0,,,
2014,93,5 Seconds Of Summer,She Looks So Perfect,man,0,0,,,
2014,94,Zedd Featuring Hayley Williams,Stay The Night,mixed,0,0,,,
2014,95,Beyonce,Partition,woman,0,0,,,
2014,96,ScHoolboy Q Featuring BJ The Chicago Kid,Studio,man,0,0,,,
2014,97,Drake,0 To 100 / The Catch Up,man,0,0,,,
2014,98,Lee Brice,I Don't Dance,man,0,0,,,
2014,99,Miranda Lambert Duet With Carrie Underwood,Somethin' Bad,woman,0,0,,,
2014,100,Miley Cyrus,Adore You,nb,1,0,Straight,,Miley Cyrus
2015,1,Mark Ronson Featuring Bruno Mars,Uptown Funk!,man,0,0,,,
2015,2,Ed Sheeran,Thinking Out Loud,man,0,0,,,
2015,3,Wiz Khalifa Featuring Charlie Puth,See You Again,man,0,0,,,
2015,4,Fetty Wap,Trap Queen,man,0,0,,,
2015,5,Maroon 5,Sugar,man,0,0,,,
2015,6,WALK THE MOON,Shut Up And Dance,man,0,0,,,
2015,7,Taylor Swift,Blank Space,woman,0,0,,,
2015,8,Silento,Watch Me,man,0,0,,,
2015,9,The Weeknd,Earned It (Fifty Shades Of Grey),man,0,0,,,
2015,10,The Weeknd,The Hills,man,0,0,,,
2015,11,OMI,Cheerleader,man,0,0,,,
2015,12,The Weeknd,Can't Feel My Face,man,0,0,,,
2015,13,Ellie Goulding,Love Me Like You Do,woman,0,0,,,
2015,14,Hozier,Take Me To Church,man,0,0,,,
2015,15,Taylor Swift Featuring Kendrick Lamar,Bad Blood,mixed,0,0,,,
2015,16,Major Lazer & DJ Snake Featuring MO,Lean On,mixed,0,0,,,
2015,17,Jason Derulo,Want To Want Me,man,0,0,,,
2015,19,Skrillex & Diplo With Justin Bieber,Where Are U Now,man,0,0,,,
2015,Taylor Swift,Shake It Off,woman,0,0,,,
2015,20,Rachel Platten,Fight Song,woman,0,0,,,
2015,21,Fetty Wap Featuring Remy Boyz,679,man,0,0,,,
2015,22,Meghan Trainor,Lips Are Movin,woman,0,0,,,
2015,23,Fifth Harmony Featuring Kid Ink,Worth It,mixed,1,0,Straight,,Fifth Harmony
2015,24,Omarion Featuring Chris Brown & Jhene Aiko,Post To Be,mixed,0,0,,,
2015,25,Andy Grammer,"Honey, I'm Good.",man,0,0,,,
2015,26,Sam Smith,I'm Not The Only One,nb,1,0,Unspecified,,Sam Smith
2015,27,Selena Gomez Featuring A$AP Rocky,Good For You,mixed,0,0,,,
2015,28,Meghan Trainor,All About That Bass,woman,0,0,,,
2015,29,Taylor Swift,Style,woman,0,0,,,
2015,30,Drake,Hotline Bling,man,0,0,,,
2015,31,"David Guetta Featuring Nicki Minaj, Bebe Rexha & Afrojack",Hey Mama,mixed,1,0,Straight,,Bebe Rexha
2015,32,Flo Rida Featuring Sage The Gemini & Lookas,G.D.F.R.,man,0,0,,,
2015,33,Justin Bieber,What Do You Mean?,man,0,0,,,
2015,34,Ed Sheeran,Photograph,man,0,0,,,
2015,35,Adele,Hello,woman,0,0,,,
2015,36,Shawn Mendes,Stitches,man,0,0,,,
2015,37,Tove Lo,Talking Body,woman,1,0,Unspecified,,Tove Lo
2015,38,Nick Jonas,Jealous,man,0,0,,,
2015,39,Pitbull & Ne-Yo,Time Of Our Lives,man,0,0,,,
2015,40,R. City Featuring Adam Levine,Locked Away,man,0,0,,,
2015,41,Natalie La Rose Featuring Jeremih,Somebody,mixed,0,0,,,
2015,42,Rihanna & Kanye West & Paul McCartney,FourFiveSeconds,mixed,0,0,,,
2015,43,Fall Out Boy,Centuries,man,0,0,,,
2015,44,Fetty Wap Featuring Monty,My Way,man,0,0,,,
2015,45,Sam Hunt,Take Your Time,man,0,0,,,
2015,46,Maroon 5,Animals,man,0,0,,,
2015,47,Big Sean Featuring E-40,I Don't F**k With You,man,0,0,,,
2015,48,Rihanna,B**** Better Have My Money,woman,0,0,,,
2015,49,Rich Homie Quan,Flex (Ooh Ooh Ooh),man,0,0,,,
2015,50,T-Wayne,Nasty Freestyle,man,0,0,,,
2015,51,"Nicki Minaj Featuring Drake, Lil Wayne & Chris Brown",Only,mixed,0,0,,,
2015,52,Sia,Elastic Heart,woman,1,0,Unspecified,,Sia
2015,53,Demi Lovato,Cool For The Summer,nb,1,0,Unspecified,,Demi Lovato
2015,54,X Ambassadors,Renegades,man,1,0,Unspecified,,X Ambassadors
2015,55,Usher Featuring Juicy J,I Don't Mind,man,0,0,,,
2015,56,Ariana Grande & The Weeknd,Love Me Harder,mixed,0,0,,,
2015,57,Taylor Swift,Wildest Dreams,woman,0,0,,,
2015,58,Sam Smith,Stay With Me,nb,1,0,Unspecified,,Sam Smith
2015,59,DJ Snake & AlunaGeorge,You Know You Like It,mixed,0,0,,,
2015,60,Fall Out Boy,Uma Thurman,man,0,0,,,
2015,61,Beyonce,7/11,woman,0,0,,,
2015,62,Selena Gomez,The Heart Wants What It Wants,woman,0,0,,,
2015,63,Little Big Town,Girl Crush,mixed,0,1,,"I wanna taste her lips, yeah, 'cause they taste like you",
2015,64,Trey Songz,Slow Motion,man,0,0,,,
2015,65,One Direction,Drag Me Down,man,0,0,,,
2015,66,Nicki Minaj Featuring Drake & Lil Wayne,Truffle Butter,mixed,0,0,,,
2015,67,Ariana Grande,One Last Time,woman,0,0,,,
2015,68,Nick Jonas,Chains,man,0,0,,,
2015,69,Meek Mill Featuring Chris Brown & Nicki Minaj,All Eyes On You,mixed,0,0,,,
2015,70,Rae Sremmurd,No Type,man,0,0,,,
2015,71,Vance Joy,Riptide,man,0,0,,,
2015,72,Jidenna Featuring Roman GianArthur,Classic Man,man,0,0,,,
2015,73,Elle King,Ex's & Oh's,woman,0,0,,,
2015,74,Meghan Trainor,Dear Future Husband,woman,0,0,,,
2015,75,Charlie Puth Featuring Meghan Trainor,Marvin Gaye,mixed,0,0,,,
2015,76,Meghan Trainor Featuring John Legend,Like I'm Gonna Lose You,mixed,0,0,,,
2015,77,Tove Lo,Habits (Stay High),woman,1,0,Unspecified,,Tove Lo
2015,78,James Newton Howard Featuring Jennifer Lawrence,The Hanging Tree,mixed,0,0,,,
2015,79,O.T. Genasis,CoCo,man,0,0,,,
2015,80,"Jessie J, Ariana Grande & Nicki Minaj",Bang Bang,woman,0,0,,,
2015,81,Sam Smith,Lay Me Down,nb,1,0,Unspecified,,Sam Smith
2015,82,I LOVE MAKONNEN Featuring Drake,Tuesday,man,1,0,Straight,,I LOVE MAKONNEN
2015,83,iLoveMemphis,Hit The Quan,man,0,0,,,
2015,84,"Macklemore & Ryan Lewis Featuring Eric Nally, Melle Mel, Kool Moe Dee & Grandmaster Caz",Downtown,man,0,0,,,
2015,85,Sam Hunt,House Party,man,0,0,,,
2015,86,Chris Brown & Tyga,Ayo,man,0,0,,,
2015,87,Luke Bryan,Kick The Dust Up,man,0,0,,,
2015,88,Big Sean Featuring Drake,Blessings,man,0,0,,,
2015,89,George Ezra,Budapest,man,0,0,,,
2015,90,Sia,Chandelier,woman,1,0,None,,Sia
2015,91,Kelly Clarkson,Heartbeat Song,woman,0,0,,,
2015,92,Ed Sheeran,Don't,man,0,0,,,
2015,93,Ella Henderson,Ghost,woman,0,0,,,
2015,94,Alessia Cara,Here,woman,0,0,,,
2015,95,Mr. Probz,Waves,man,0,0,,,
2015,96,Nicky Jam & Enrique Iglesias,El Perdon (Forgiveness),man,0,0,,,
2015,97,Ne-Yo Featuring Juicy J,She Knows,man,0,0,,,
2015,98,One Direction,Night Changes,man,0,0,,,
2015,99,Drake,Back To Back,man,0,0,,,
2015,100,Calvin Harris & Disciples,How Deep Is Your Love,man,0,0,,,
2016,1,Justin Bieber,Love Yourself,man,0,0,,,
2016,2,Justin Bieber,Sorry,man,0,0,,,
2016,3,Drake Featuring WizKid & Kyla,One Dance,mixed,0,0,,,
2016,4,Rihanna Featuring Drake,Work,mixed,0,0,,,
2016,5,twenty one pilots,Stressed Out,man,0,0,,,
2016,6,Desiigner,Panda,man,0,0,,,
2016,7,Adele,Hello,woman,0,0,,,
2016,8,The Chainsmokers Featuring Daya,Don't Let Me Down,mixed,1,0,Unspecified,,Daya
2016,9,Justin Timberlake,Can't Stop The Feeling!,man,0,0,,,
2016,10,The Chainsmokers Featuring Halsey,Closer,mixed,1,0,Unspecified,,Halsey
2016,11,Sia Featuring Sean Paul,Cheap Thrills,man,1,0,Unspecified,,Sia
2016,12,Lukas Graham,7 Years,man,0,0,,,
2016,13,Rihanna,Needed Me,woman,0,0,,,
2016,14,Flo Rida,My House,man,0,0,,,
2016,15,Mike Posner,I Took A Pill In Ibiza,man,0,0,,,
2016,16,Fifth Harmony Featuring Ty Dolla $ign,Work From Home,mixed,1,0,Straight,,Fifth Harmony
2016,17,Calvin Harris Featuring Rihanna,This Is What You Came For,mixed,0,0,,,
2016,18,DNCE,Cake By The Ocean,mixed,0,0,,,
2016,19,G-Eazy x Bebe Rexha,"Me, Myself & I",mixed,1,0,None,,Bebe Rexha
2016,20,twenty one pilots,Ride,man,0,0,,,
2016,21,twenty one pilots,Heathens,man,0,0,,,
2016,22,Zayn,Pillowtalk,man,0,0,,,
2016,23,Shawn Mendes,Stitches,man,0,0,,,
2016,24,Drake,Hotline Bling,man,0,0,,,
2016,25,Major Lazer Featuring Justin Bieber & MO,Cold Water,mixed,0,0,,,
2016,26,Adele,Send My Love (To Your New Lover),woman,0,0,,,
2016,27,The Chainsmokers Featuring Rozes,Roses,mixed,0,0,,,
2016,28,Shawn Mendes,Treat You Better,man,0,0,,,
2016,29,Drake Featuring Rihanna,Too Good,mixed,0,0,,,
2016,30,Future Featuring The Weeknd,Low Life,man,0,0,,,
2016,31,Justin Bieber,What Do You Mean?,man,0,0,,,
2016,32,The Weeknd,The Hills,man,0,0,,,
2016,33,P!nk,Just Like Fire,woman,0,0,,,
2016,34,D.R.A.M. Featuring Lil Yachty,Broccoli,man,0,0,,,
2016,35,Bryson Tiller,Don't,man,0,0,,,
2016,36,Ariana Grande,Dangerous Woman,woman,0,0,,,
2016,37,Drake & Future,Jumpman,man,0,0,,,
2016,38,gnash Featuring Olivia O'Brien,I Hate U I Love U,mixed,0,0,,,
2016,39,Alessia Cara,Here,woman,0,0,,,
2016,40,Selena Gomez,Same Old Love,woman,0,0,,,
2016,41,Drake,Controlla,man,0,0,,,
2016,42,Meghan Trainor Featuring John Legend,Like I'm Gonna Lose You,mixed,0,0,,,
2016,43,Charlie Puth,One Call Away,man,0,0,,,
2016,44,James Bay,Let It Go,man,0,0,,,
2016,45,Meghan Trainor,No,woman,0,0,,,
2016,46,Zara Larsson & MNEK,Never Forget You,mixed,1,0,Unspecified,,MNEK
2016,47,DJ Snake Featuring Justin Bieber,Let Me Love You,man,0,0,,,
2016,48,Kent Jones,Don't Mind,man,0,0,,,
2016,49,Florida Georgia Line,H.O.L.Y.,man,0,0,,,
2016,50,Charlie Puth Featuring Selena Gomez,We Don't Talk Anymore,mixed,0,0,,,
2016,51,Ariana Grande,Into You,woman,0,0,,,
2016,52,Kiiara,Gold,woman,0,0,,,
2016,53,Bryson Tiller,Exchange,man,0,0,,,
2016,54,Fetty Wap Featuring Remy Boyz,679,man,0,0,,,
2016,55,Jeremih,Oui,man,0,0,,,
2016,56,Selena Gomez,Hands To Myself,woman,0,0,,,
2016,57,Kevin Gates,2 Phones,man,0,0,,,
2016,58,The Weeknd Featuring Daft Punk,Starboy,man,0,0,,,
2016,59,DJ Khaled Featuring Drake,For Free,man,0,0,,,
2016,60,Flume Featuring Kai,Never Be Like You,mixed,0,0,,,
2016,61,The Weeknd,In The Night,man,0,0,,,
2016,62,Meghan Trainor,Me Too,woman,0,0,,,
2016,63,Elle King,Ex's & Oh's,woman,0,0,,,
2016,64,Thomas Rhett,Die A Happy Man,man,0,0,,,
2016,65,Post Malone,White Iverson,man,0,0,,,
2016,66,Nick Jonas Featuring Tove Lo,Close,mixed,1,0,Straight,,Tove Lo
2016,67,X Ambassadors,Unsteady,man,1,0,None,,X Ambassadors
2016,68,"Lil Wayne, Wiz Khalifa & Imagine Dragons With Logic & Ty Dolla $ign Feat. X Ambassadors",Sucker For Pain,man,1,0,None,,X Ambassadors
2016,69,Yo Gotti Featuring Nicki Minaj,Down In The DM,mixed,0,0,,,
2016,70,Tory Lanez,Luv,man,0,0,,,
2016,71,Beyonce,Sorry,woman,0,0,,,
2016,72,The Weeknd,Can't Feel My Face,man,0,0,,,
2016,73,Coldplay,Hymn For The Weekend,man,0,0,,,
2016,74,Tory Lanez,Say It,man,0,0,,,
2016,75,Travis Scott,Antidote,man,0,0,,,
2016,76,Ruth B,Lost Boy,woman,0,0,,,
2016,77,Ariana Grande Featuring Nicki Minaj,Side To Side,woman,0,0,,,
2016,78,Daya,"Sit Still, Look Pretty",woman,1,0,Straight,,Daya
2016,79,Taylor Swift,Wildest Dreams,woman,0,0,,,
2016,80,DJ Snake Featuring Bipolar Sunshine,Middle,man,0,0,,,
2016,81,Ellie Goulding,On My Mind,woman,0,0,,,
2016,82,Drake Featuring The Throne,Pop Style,man,0,0,,,
2016,83,Adele,When We Were Young,woman,0,0,,,
2016,84,Daya,Hide Away,woman,1,0,Straight,,Daya
2016,85,Major Lazer & DJ Snake Featuring MO,Lean On,mixed,0,0,,,
2016,86,Shawn Mendes & Camila Cabello,I Know What You Did Last Summer,mixed,0,0,,,
2016,87,"Fat Joe, Remy Ma and Jay-Z featuring French Montana and Infared",All the Way Up,mixed,0,0,,,
2016,88,Silento,Watch Me,man,0,0,,,
2016,89,Chris Brown,Back To Sleep,man,0,0,,,
2016,90,Usher Featuring Young Thug,No Limit,man,0,0,,,
2016,91,O.T. Genasis Featuring Young Dolph,Cut It,man,0,0,,,
2016,92,Kevin Gates,Really Really,man,0,0,,,
2016,93,Fifth Harmony Featuring Fetty Wap,All In My Head (Flex),mixed,1,0,Unspecified,,Fifth Harmony
2016,94,Hailee Steinfeld & Grey Featuring Zedd,Starving,mixed,0,0,,,
2016,95,Coldplay,Adventure Of A Lifetime,man,0,0,,,
2016,96,Tim McGraw,Humble And Kind,man,0,0,,,
2016,97,Future,Wicked,man,0,0,,,
2016,98,Desiigner,Tiimmy Turner,man,0,0,,,
2016,99,Wiz Khalifa Featuring Charlie Puth,See You Again,man,0,0,,,
2016,100,One Direction,Perfect,man,0,0,,,
2017,1,Ed Sheeran,Shape Of You,man,0,0,,,
2017,2,Luis Fonsi & Daddy Yankee Featuring Justin Bieber,Despacito,man,0,0,,,
2017,3,Bruno Mars,That's What I Like,man,0,0,,,
2017,4,Kendrick Lamar,Humble.,man,0,0,,,
2017,5,The Chainsmokers & Coldplay,Something Just Like This,man,0,0,,,
2017,6,Migos Featuring Lil Uzi Vert,Bad And Boujee,man,0,0,,,
2017,7,The Chainsmokers Featuring Halsey,Closer,mixed,1,0,Unspecified,,Halsey
2017,8,Sam Hunt,Body Like A Back Road,man,0,0,,,
2017,9,Imagine Dragons,Believer,man,0,0,,,
2017,10,Post Malone Featuring Quavo,Congratulations,man,0,0,,,
2017,11,James Arthur,Say You Won't Let Go,man,0,0,,,
2017,12,"DJ Khaled Featuring Justin Bieber, Quavo, Chance The Rapper & Lil Wayne",I'm The One,man,0,0,,,
2017,13,Lil Uzi Vert,XO TOUR Llif3,man,0,0,,,
2017,14,Future,Mask Off,man,0,0,,,
2017,15,French Montana Featuring Swae Lee,Unforgettable,man,0,0,,,
2017,16,Bruno Mars,24K Magic,man,0,0,,,
2017,17,Zedd & Alessia Cara,Stay,mixed,0,0,,,
2017,18,DJ Khaled Featuring Rihanna & Bryson Tiller,Wild Thoughts,mixed,0,0,,,
2017,19,Rae Sremmurd Featuring Gucci Mane,Black Beatles,man,0,0,,,
2017,20,The Weeknd Featuring Daft Punk,Starboy,man,0,0,,,
2017,21,Khalid,Location,man,0,0,,,
2017,22,Charlie Puth,Attention,man,0,0,,,
2017,23,Shawn Mendes,There's Nothing Holdin' Me Back,man,0,0,,,
2017,24,Cardi B,Bodak Yellow (Money Moves),woman,1,0,Straight,,Cardi B
2017,25,Childish Gambino,Redbone,man,0,0,,,
2017,26,Zayn / Taylor Swift,I Don't Wanna Live Forever (Fifty Shades Darker),mixed,0,0,,,
2017,27,Kygo x Selena Gomez,It Ain't Me,mixed,0,0,,,
2017,28,KYLE Featuring Lil Yachty,iSpy,man,0,0,,,
2017,29,Julia Michaels,Issues,woman,0,0,,,
2017,30,Alessia Cara,Scars To Your Beautiful,woman,0,0,,,
2017,31,Logic Featuring Alessia Cara & Khalid,1-800-273-8255,mixed,0,0,,,
2017,32,Niall Horan,Slow Hands,man,0,0,,,
2017,33,Rihanna,Love On The Brain,woman,0,0,,,
2017,34,The Weeknd Featuring Daft Punk,I Feel It Coming,man,0,0,,,
2017,35,Big Sean,Bounce Back,man,0,0,,,
2017,36,Liam Payne Featuring Quavo,Strip That Down,man,0,0,,,
2017,37,Drake,Fake Love,man,0,0,,,
2017,38,Maroon 5 Featuring Kendrick Lamar,Don't Wanna Know,man,0,0,,,
2017,39,Taylor Swift,Look What You Made Me Do,woman,0,0,,,
2017,40,Ed Sheeran,Castle On The Hill,man,0,0,,,
2017,41,Machine Gun Kelly x Camila Cabello,Bad Things,mixed,0,0,,,
2017,42,The Chainsmokers,Paris,man,0,0,,,
2017,43,Ariana Grande Featuring Nicki Minaj,Side To Side,woman,0,0,,,
2017,44,Clean Bandit Featuring Sean Paul & Anne-Marie,Rockabye,mixed,1,0,None,,Anne-Marie
2017,45,Portugal. The Man,Feel It Still,man,0,0,,,
2017,46,DJ Snake Featuring Justin Bieber,Let Me Love You,man,0,0,,,
2017,47,Demi Lovato,Sorry Not Sorry,nb,1,0,Unspecified,,Demi Lovato
2017,48,21 Savage,Bank Account,man,0,0,,,
2017,49,Justin Timberlake,Can't Stop The Feeling!,man,0,0,,,
2017,50,J Balvin & Willy William Featuring Beyonce,Mi Gente,mixed,0,0,,,
2017,51,Imagine Dragons,Thunder,man,0,0,,,
2017,52,Migos,T-Shirt,man,0,0,,,
2017,53,Yo Gotti Featuring Nicki Minaj,Rake It Up,mixed,0,0,,,
2017,54,Shawn Mendes,Mercy,man,0,0,,,
2017,55,Kodak Black,Tunnel Vision,man,0,0,,,
2017,56,Post Malone Featuring 21 Savage,Rockstar,man,0,0,,,
2017,57,Brett Young,In Case You Didn't Know,man,0,0,,,
2017,58,twenty one pilots,Heathens,man,0,0,,,
2017,59,Halsey,Now Or Never,woman,1,0,Unspecified,,Halsey
2017,60,Amine,Caroline,man,0,0,,,
2017,61,Ayo & Teo,Rolex,man,0,0,,,
2017,62,Kendrick Lamar,DNA.,man,0,0,,,
2017,63,Zay Hilfigerrr & Zayion McCall,Juju On That Beat (TZ Anthem),man,0,0,,,
2017,64,Rae Sremmurd,Swang,man,0,0,,,
2017,65,Drake,Passionfruit,man,0,0,,,
2017,66,Kendrick Lamar Featuring Rihanna,Loyalty.,mixed,0,0,,,
2017,67,Kesha,Praying,woman,1,0,Unspecified,,Kesha
2017,68,Travis Scott,Goosebumps,man,0,0,,,
2017,69,Maroon 5 Featuring Future,Cold,man,0,0,,,
2017,70,D.R.A.M. Featuring Lil Yachty,Broccoli,man,0,0,,,
2017,71,Calvin Harris Featuring Frank Ocean & Migos,Slide,man,1,0,Straight,,Frank Ocean
2017,72,Kane Brown Featuring Lauren Alaina,What Ifs,mixed,0,0,,,
2017,73,Katy Perry Featuring Skip Marley,Chained To The Rhythm,mixed,0,0,,,
2017,74,"Calvin Harris Featuring Pharrell Williams, Katy Perry & Big Sean",Feels,mixed,0,0,,,
2017,75,Jon Bellion,All Time Low,man,0,0,,,
2017,76,Luke Combs,Hurricane,man,0,0,,,
2017,77,Sam Smith,Too Good At Goodbyes,nb,1,0,Unspecified,,Sam Smith
2017,78,Khalid,Young Dumb & Broke,man,0,0,,,
2017,79,Playboi Carti,Magnolia,man,0,0,,,
2017,80,SZA Featuring Travis Scott,Love Galore,mixed,0,0,,,
2017,81,A Boogie Wit da Hoodie Featuring Kodak Black,Drowning,man,0,0,,,
2017,82,Hailee Steinfeld & Grey Featuring Zedd,Starving,mixed,0,0,,,
2017,83,Gucci Mane Featuring Drake,Both,man,0,0,,,
2017,84,P!nk,What About Us,woman,0,0,,,
2017,85,Jason Derulo Featuring Nicki Minaj & Ty Dolla $ign,Swalla,mixed,0,0,,,
2017,86,Migos Featuring Gucci Mane,Slippery,man,0,0,,,
2017,87,Harry Styles,Sign Of The Times,man,0,0,,,
2017,88,Adele,Water Under The Bridge,woman,0,0,,,
2017,89,Miley Cyrus,Malibu,nb,1,0,Unspecified,,Miley Cyrus
2017,90,Marian Hill,Down,mixed,0,0,,,
2017,91,Cheat Codes Featuring Demi Lovato,No Promises,mixed,1,0,Unspecified,,Demi Lovato
2017,92,Shawn Mendes,Treat You Better,man,0,0,,,
2017,93,Gucci Mane Featuring Migos,I Get The Bag,man,0,0,,,
2017,94,Dustin Lynch,Small Town Boy,man,0,0,,,
2017,95,YFN Lucci Featuring PnB Rock,Everyday We Lit,man,0,0,,,
2017,96,Camila Cabello Featuring Young Thug,Havana,mixed,0,0,,,
2017,97,Maroon 5 Featuring SZA,What Lovers Do,mixed,0,0,,,
2017,98,blackbear,Do Re Mi,man,0,0,,,
2017,99,XXXTENTACION,Look At Me!,man,0,0,,,
2017,100,Keith Urban Featuring Carrie Underwood,The Fighter,mixed,0,0,,,
2018,1,Drake,God's Plan,man,0,0,,,
2018,2,Ed Sheeran,Perfect,man,0,0,,,
2018,3,Bebe Rexha & Florida Georgia Line,Meant To Be,mixed,1,0,Straight,,Bebe Rexha
2018,4,Camila Cabello Featuring Young Thug,Havana,mixed,0,0,,,
2018,5,Post Malone Featuring 21 Savage,Rockstar,man,0,0,,,
2018,6,Post Malone Featuring Ty Dolla $ign,Psycho,man,0,0,,,
2018,7,"Cardi B, Bad Bunny & J Balvin",I Like It,mixed,1,0,Straight,,Cardi B
2018,8,"Zedd, Maren Morris & Grey",The Middle,mixed,0,0,,,
2018,9,Drake,In My Feelings,man,0,0,,,
2018,10,Maroon 5 Featuring Cardi B,Girls Like You,mixed,1,0,Straight,,Cardi B
2018,11,Drake,Nice For What,man,0,0,,,
2018,12,Juice WRLD,Lucid Dreams,man,0,0,,,
2018,13,Post Malone,Better Now,man,0,0,,,
2018,14,Bruno Mars & Cardi B,Finesse,mixed,1,0,Straight,,Cardi B
2018,15,Ella Mai,Boo'd Up,woman,0,0,,,
2018,16,Dua Lipa,New Rules,woman,0,0,,,
2018,17,XXXTENTACION,Sad!,man,0,0,,,
2018,18,Camila Cabello,Never Be The Same,woman,0,0,,,
2018,19,Khalid & Normani,Love Lies,mixed,0,0,,,
2018,20,Ariana Grande,No Tears Left To Cry,woman,0,0,,,
2018,21,Bazzi,Mine,man,0,0,,,
2018,22,Imagine Dragons,Thunder,man,0,0,,,
2018,23,BlocBoy JB Featuring Drake,Look Alive,man,0,0,,,
2018,24,Taylor Swift,Delicate,woman,0,0,,,
2018,25,Lil Baby & Drake,Yes Indeed,man,0,0,,,
2018,26,Marshmello & Anne-Marie,Friends,mixed,1,0,Straight,,Anne-Marie
2018,27,Halsey,Bad At Love,woman,1,1,Both,"Got a girl with California eyes, And I thought that she could really be the one this time",Halsey
2018,28,Tyga Featuring Offset,Taste,man,0,0,,,
2018,29,NF,Let You Down,man,0,0,,,
2018,30,G-Eazy Featuring A$AP Rocky & Cardi B,No Limit,mixed,1,0,Straight,,Cardi B
2018,31,6ix9ine Featuring Nicki Minaj & Murda Beatz,FEFE,mixed,0,0,,,
2018,32,Dan + Shay,Tequila,man,0,0,,,
2018,33,Portugal. The Man,Feel It Still,man,0,0,,,
2018,34,"Migos, Nicki Minaj & Cardi B",MotorSport,mixed,1,0,Straight,,Cardi B
2018,35,Lauv,I Like Me Better,man,0,0,,,
2018,36,5 Seconds Of Summer,Youngblood,man,0,0,,,
2018,37,Imagine Dragons,Whatever It Takes,man,0,0,,,
2018,38,Offset & Metro Boomin,Ric Flair Drip,man,0,0,,,
2018,39,Post Malone,I Fall Apart,man,0,0,,,
2018,40,The Weeknd & Kendrick Lamar,Pray For Me,man,0,0,,,
2018,41,Selena Gomez,Back To You,woman,0,0,,,
2018,42,Travis Scott,Sicko Mode,man,0,0,,,
2018,43,Migos Featuring Drake,Walk It Talk It,man,0,0,,,
2018,44,Lil Pump,Gucci Gang,man,0,0,,,
2018,45,G-Eazy & Halsey,Him & I,mixed,1,0,Straight,,Halsey
2018,46,Shawn Mendes,In My Blood,man,0,0,,,
2018,47,Kendrick Lamar & SZA,All The Stars,mixed,0,0,,,
2018,48,Migos,Stir Fry,man,0,0,,,
2018,49,Sam Smith,Too Good At Goodbyes,nb,1,0,Unspecified,,Sam Smith
2018,50,Kendrick Lamar Featuring Zacari,Love.,man,0,0,,,
2018,51,Childish Gambino,This Is America,man,0,0,,,
2018,52,Drake,Nonstop,man,0,0,,,
2018,53,Kane Brown,Heaven,man,0,0,,,
2018,54,Cardi B,Bodak Yellow (Money Moves),woman,1,0,Straight,,Cardi B
2018,55,Lil Dicky Featuring Chris Brown,Freaky Friday,man,0,0,,,
2018,56,6ix9ine,Gummo,man,0,0,,,
2018,57,Rich The Kid,Plug Walk,man,0,0,,,
2018,58,Maroon 5,Wait,man,0,0,,,
2018,59,Cardi B,Be Careful,woman,1,0,Straight,,Cardi B
2018,60,Selena Gomez X Marshmello,Wolves,mixed,0,0,,,
2018,61,Cardi B Featuring 21 Savage,Bartier Cardi,mixed,1,1,Both,"I got your bitch and she naked, Ice on the cake when I bake it",Cardi B
2018,62,Ariana Grande,God Is A Woman,woman,0,0,,,
2018,63,"YG Featuring 2 Chainz, Big Sean & Nicki Minaj",Big Bank,mixed,0,0,,,
2018,64,Demi Lovato,Sorry Not Sorry,nb,1,0,Unspecified,,Demi Lovato
2018,65,Charlie Puth,How Long,man,0,0,,,
2018,66,MAX Featuring gnash,Lights Down Low,man,0,0,,,
2018,67,Khalid,Young Dumb & Broke,man,0,0,,,
2018,68,Calvin Harris & Dua Lipa,One Kiss,mixed,0,0,,,
2018,69,Imagine Dragons,Natural,man,0,0,,,
2018,70,Jason Aldean,You Make It Easy,man,0,0,,,
2018,71,Ed Sheeran,Shape Of You,man,0,0,,,
2018,72,Gucci Mane Featuring Migos,I Get The Bag,man,0,0,,,
2018,73,"DJ Khaled Featuring Justin Bieber, Chance The Rapper & Quavo",No Brainer,man,0,0,,,
2018,74,A$AP Ferg Featuring Nicki Minaj,Plain Jane,mixed,0,0,,,
2018,75,Miguel Featuring Travis Scott,Sky Walker,man,0,0,,,
2018,76,Thomas Rhett,Marry Me,man,0,0,,,
2018,77,"benny blanco, Halsey & Khalid",Eastside,mixed,1,0,Straight,,Halsey
2018,78,The Weeknd,Call Out My Name,man,0,0,,,
2018,79,"Jay Rock, Kendrick Lamar, Future & James Blake",King's Dead,man,0,0,,,
2018,80,Marshmello & Bastille,Happier,man,0,0,,,
2018,81,"Casper Magico, Nio Garcia, Darell, Nicky Jam, Ozuna & Bad Bunny",Te Bote,man,0,0,,,
2018,82,Florida Georgia Line,Simple,man,0,0,,,
2018,83,N*E*R*D & Rihanna,Lemon,mixed,0,0,,,
2018,84,Logic Featuring Alessia Cara & Khalid,1-800-273-8255,mixed,0,0,,,
2018,85,Justin Timberlake Featuring Chris Stapleton,Say Something,man,0,0,,,
2018,86,Drake,I'm Upset,man,0,0,,,
2018,87,Kenny Chesney,Get Along,man,0,0,,,
2018,88,XXXTENTACION,Moonlight,man,0,0,,,
2018,89,Maroon 5 Featuring SZA,What Lovers Do,mixed,0,0,,,
2018,90,Nicky Jam x J Balvin,X,man,0,0,,,
2018,91,YoungBoy Never Broke Again,Outside Today,man,0,0,,,
2018,92,Ella Mai,Trip,woman,0,0,,,
2018,93,Daddy Yankee,Dura,man,0,0,,,
2018,94,XXXTENTACION,Changes,man,0,0,,,
2018,95,Brett Young,Mercy,man,0,0,,,
2018,96,Luke Combs,One Number Away,man,0,0,,,
2018,97,Rae Sremmurd & Juicy J,Powerglide,man,0,0,,,
2018,98,Dua Lipa,IDGAF,woman,0,0,,,
2018,99,J Balvin & Willy William Featuring Beyonce,Mi Gente,mixed,0,0,,,
2018,100,Imagine Dragons,Believer,man,0,0,,,
2019,1,Lil Nas X Featuring Billy Ray Cyrus,Old Town Road,man,1,0,Straight,,Lil Nas X
2019,2,Post Malone & Swae Lee,Sunflower (Spider-Man: Into The Spider-Verse),man,0,0,,,
2019,3,Halsey,Without Me,woman,1,0,Unspecified,,Halsey
2019,4,Billie Eilish,Bad Guy,woman,0,0,,,
2019,5,Post Malone,Wow.,man,0,0,,,
2019,6,Marshmello & Bastille,Happier,man,0,0,,,
2019,7,Ariana Grande,7 Rings,woman,0,0,,,
2019,8,Khalid,Talk,man,0,0,,,
2019,9,Travis Scott,Sicko Mode,man,0,0,,,
2019,10,Jonas Brothers,Sucker,man,0,0,,,
2019,11,Panic! At The Disco,High Hopes,man,1,0,None,,Panic! At The Disco/Brendon Urie
2019,12,Ariana Grande,"Thank U, Next",woman,0,0,,,
2019,13,Lizzo,Truth Hurts,woman,1,0,Straight,,Lizzo
2019,14,Sam Smith & Normani,Dancing With A Stranger,mixed,1,0,Straight,,Sam Smith
2019,15,Shawn Mendes & Camila Cabello,Senorita,mixed,0,0,,,
2019,16,Ed Sheeran & Justin Bieber,I Don't Care,man,0,0,,,
2019,17,"benny blanco, Halsey & Khalid",Eastside,mixed,1,0,Straight,,Halsey
2019,18,Meek Mill Featuring Drake,Going Bad,man,0,0,,,
2019,19,Lady Gaga & Bradley Cooper,Shallow,mixed,1,0,Straight,,Lady Gaga
2019,20,Khalid,Better,man,0,0,,,
2019,21,Chris Brown Featuring Drake,No Guidance,man,0,0,,,
2019,22,Maroon 5 Featuring Cardi B,Girls Like You,mixed,1,0,Straight,,Cardi B
2019,23,Ava Max,Sweet But Psycho,woman,1,0,None,,Ava Max
2019,24,DaBaby,Suge,man,0,0,,,
2019,25,J. Cole,Middle Child,man,0,0,,,
2019,26,Lil Baby & Gunna,Drip Too Hard,man,0,0,,,
2019,27,Lewis Capaldi,Someone You Loved,man,0,0,,,
2019,28,Lil Tecca,Ran$om,man,0,0,,,
2019,29,Shawn Mendes,If I Can't Have You,man,0,0,,,
2019,30,Post Malone Featuring Young Thug,Goodbyes,man,0,0,,,
2019,31,Kodak Black Featuring Travis Scott & Offset,ZEZE,man,0,0,,,
2019,32,Post Malone,Better Now,man,0,0,,,
2019,33,5 Seconds Of Summer,Youngblood,man,0,0,,,
2019,34,Drake Featuring Rick Ross,Money In The Grave,man,0,0,,,
2019,35,Dan + Shay,Speechless,man,0,0,,,
2019,36,Ariana Grande,"Break Up With Your Girlfriend, I'm Bored",woman,0,0,,,
2019,37,Cardi B & Bruno Mars,Please Me,mixed,1,0,Straight,,Cardi B
2019,38,Cardi B,Money,woman,1,1,Both,"Walk out Follie's with a bitch, Bring a thottie to the whip",Cardi B
2019,39,Taylor Swift,You Need To Calm Down,woman,0,0,,,
2019,40,Lil Nas X,Panini,man,1,0,None,,Lil Nas X
2019,41,A Boogie Wit da Hoodie,Look Back At It,man,0,0,,,
2019,42,21 Savage,A Lot,man,0,0,,,
2019,43,Taylor Swift Featuring Brendon Urie,ME!,mixed,1,0,Straight,,Panic! At The Disco/Brendon Urie
2019,44,Bad Bunny Featuring Drake,MIA,man,0,0,,,
2019,45,Polo G Featuring Lil Tjay,Pop Out,man,0,0,,,
2019,46,Luke Combs,Beautiful Crazy,man,0,0,,,
2019,47,Blueface,Thotiana,man,0,0,,,
2019,48,Juice WRLD,Lucid Dreams,man,0,0,,,
2019,49,Sheck Wes,Mo Bamba,man,0,0,,,
2019,50,Ed Sheeran Featuring Khalid,Beautiful People,man,0,0,,,
2019,51,Gucci Mane X Bruno Mars X Kodak Black,Wake Up In The Sky,man,0,0,,,
2019,52,Morgan Wallen,Whiskey Glasses,man,0,0,,,
2019,53,Blake Shelton,God's Country,man,0,0,,,
2019,54,Dean Lewis,Be Alright,man,0,0,,,
2019,55,Mustard & Migos,Pure Water,man,0,0,,,
2019,56,Blanco Brown,The Git Up,man,0,0,,,
2019,57,"DJ Snake Featuring Selena Gomez, Ozuna & Cardi B",Taki Taki,mixed,1,0,Straight,,Cardi B
2019,58,Ellie Goulding X Diplo Featuring Swae Lee,Close To Me,mixed,0,0,,,
2019,59,Calboy,Envy Me,man,0,0,,,
2019,60,Lauren Daigle,You Say,woman,0,0,,,
2019,61,Panic! At The Disco,"Hey Look Ma, I Made It",man,1,0,None,,Panic! At The Disco/Brendon Urie
2019,62,Post Malone,Circles,man,0,0,,,
2019,63,Luke Combs,Beer Never Broke My Heart,man,0,0,,,
2019,64,"Young Thug, J. Cole & Travis Scott",The London,man,0,0,,,
2019,65,Daddy Yankee & Katy Perry Featuring Snow,Con Calma,mixed,0,0,,,
2019,66,YNW Melly,Murder On My Mind,man,0,0,,,
2019,67,Billie Eilish,When The Party's Over,woman,0,0,,,
2019,68,City Girls,Act Up,woman,0,0,,,
2019,69,"Cardi B, Bad Bunny & J Balvin",I Like It,mixed,1,0,Straight,,Cardi B
2019,70,SHAED,Trampoline,mixed,1,0,None,,Cardi B
2019,71,Flipp Dinero,Leave Me Alone,man,0,0,,,
2019,72,Ariana Grande,Breathin,woman,0,0,,,
2019,73,Billie Eilish,Bury A Friend,woman,0,0,,,
2019,74,Lil Baby,Close Friends,man,0,0,,,
2019,75,Pinkfong,Baby Shark,mixed,0,0,,,
2019,76,Saweetie,My Type,woman,0,0,,,
2019,77,YK Osiris,Worth It,man,0,0,,,
2019,78,Jonas Brothers,Only Human,man,0,0,,,
2019,79,Luke Bryan,Knockin' Boots,man,0,0,,,
2019,80,Ella Mai,Trip,woman,0,0,,,
2019,81,Lee Brice,Rumor,man,0,0,,,
2019,82,A Boogie Wit da Hoodie Featuring 6ix9ine,Swervin,man,0,0,,,
2019,83,Sam Smith,How Do You Sleep?,nb,1,0,Unspecified,,Sam Smith
2019,84,Lil Baby & DaBaby,Baby,man,0,0,,,
2019,85,Thomas Rhett,Look What God Gave Her,man,0,0,,,
2019,86,Kane Brown,Good As You,man,0,0,,,
2019,87,Offset Featuring Cardi B,Clout,mixed,1,0,Straight,,Cardi B
2019,88,Khalid & Normani,Love Lies,mixed,0,0,,,
2019,89,Marshmello & Kane Brown,One Thing Right,man,0,0,,,
2019,90,Megan Thee Stallion Featuring DaBaby,Cash Shit,mixed,1,0,Straight,,Megan Thee Stallion
2019,91,Dan + Shay,Tequila,man,0,0,,,
2019,92,NLE Choppa,Shotta Flow,man,0,0,,,
2019,93,"Megan Thee Stallion, Nicki Minaj & Ty Dolla $ign",Hot Girl Summer,mixed,1,0,Straight,,Megan Thee Stallion
2019,94,Florida Georgia Line,Talk You Out Of It,man,0,0,,,
2019,95,Bazzi Featuring Camila Cabello,Beautiful,mixed,0,0,,,
2019,96,Chase Rice,Eyes On You,man,0,0,,,
2019,97,Dan + Shay,All To Myself,man,0,0,,,
2019,98,Ariana Grande & Social House,Boyfriend,mixed,0,0,,,
2019,99,P!nk,Walk Me Home,woman,0,0,,,
2019,100,Juice WRLD,Robbery,man,0,0,,,
2020,1,The Weeknd,Blinding Lights,man,0,0,,,
2020,2,Post Malone,Circles,man,0,0,,,
2020,3,Roddy Ricch,The Box,man,0,0,,,
2020,4,Dua Lipa,Don't Start Now,woman,0,0,,,
2020,5,DaBaby Featuring Roddy Ricch,Rockstar,man,0,0,,,
2020,6,Harry Styles,Adore You,man,0,0,,,
2020,7,Future Featuring Drake,Life Is Good,man,0,0,,,
2020,8,Maroon 5,Memories,man,0,0,,,
2020,9,Maren Morris,The Bones,woman,0,0,,,
2020,10,Lewis Capaldi,Someone You Loved,man,0,0,,,
2020,11,Doja Cat,Say So,woman,1,0,Straight,,Doja Cat
2020,12,Gabby Barrett Featuring Charlie Puth,I Hope,mixed,0,0,,,
2020,13,"Jack Harlow Featuring DaBaby, Tory Lanez & Lil Wayne",Whats Poppin,man,0,0,,,
2020,14,Tones And I,Dance Monkey,woman,0,0,,,
2020,15,Megan Thee Stallion,Savage,woman,1,0,Straight,,Megan Thee Stallion
2020,16,Arizona Zervas,Roxanne,man,0,0,,,
2020,17,Justin Bieber Featuring Quavo,Intentions,man,0,0,,,
2020,18,Billie Eilish,Everything I Wanted,woman,0,0,,,
2020,19,SAINt JHN,Roses,man,0,0,,,
2020,20,Harry Styles,Watermelon Sugar,man,0,0,,,
2020,21,Lewis Capaldi,Before You Go,man,0,0,,,
2020,22,Trevor Daniel,Falling,man,0,0,,,
2020,23,Dan + Shay & Justin Bieber,"10,000 Hours",man,0,0,,,
2020,24,Cardi B Featuring Megan Thee Stallion,WAP,woman,1,0,Straight,,Cardi B
2020,25,Mustard & Roddy Ricch,Ballin',man,0,0,,,
2020,26,blackbear,Hot Girl Bummer,man,0,0,,,
2020,27,Lil Mosey,Blueberry Faygo,man,0,0,,,
2020,28,The Weeknd,Heartless,man,0,0,,,
2020,29,DaBaby,BOP,man,0,0,,,
2020,30,Selena Gomez,Lose You To Love Me,woman,0,0,,,
2020,31,Lizzo,Good As Hell,woman,1,0,Straight,,Lizzo
2020,32,Drake,Toosie Slide,man,0,0,,,
2020,33,Dua Lipa,Break My Heart,woman,0,0,,,
2020,34,Morgan Wallen,Chasin' You,man,0,0,,,
2020,35,Jawsh 685 x Jason Derulo,Savage Love (Laxed - Siren Beat),man,0,0,,,
2020,36,Chris Brown Featuring Drake,No Guidance,man,0,0,,,
2020,37,Camila Cabello Featuring DaBaby,My Oh My,mixed,0,0,,,
2020,38,BTS,Dynamite,man,0,0,,,
2020,39,Chris Brown & Young Thug,Go Crazy,man,0,0,,,
2020,40,Roddy Ricch Featuring Mustard,High Fashion,man,0,0,,,
2020,41,Drake Featuring Lil Durk,Laugh Now Cry Later,man,0,0,,,
2020,42,Lil Baby,Woah,man,0,0,,,
2020,43,Powfu Featuring beabadoobee,Death Bed,mixed,1,0,Unspecified,,beabadoobee
2020,44,Shawn Mendes & Camila Cabello,Senorita,mixed,0,0,,,
2020,45,Travis Scott,HIGHEST IN THE ROOM,man,0,0,,,
2020,46,Billie Eilish,Bad Guy,woman,0,0,,,
2020,47,24kGoldn Featuring iann dior,Mood,man,0,0,,,
2020,48,Lady Gaga & Ariana Grande,Rain On Me,woman,1,0,Unspecified,,Lady Gaga
2020,49,Pop Smoke Featuring Lil Baby & DaBaby,For The Night,man,0,0,,,
2020,50,Black Eyed Peas X J Balvin,RITMO (Bad Boys For Life),mixed,0,0,,,
2020,51,Rod Wave,Heart On Ice,man,0,0,,,
2020,52,Blake Shelton Duet With Gwen Stefani,Nobody But You,mixed,0,0,,,
2020,53,SHAED,Trampoline,mixed,0,0,,,
2020,54,Juice WRLD x Marshmello,Come & Go,man,0,0,,,
2020,55,Lizzo,Truth Hurts,woman,1,0,Straight,,Lizzo
2020,56,JP Saxe Featuring Julia Michaels,If The World Was Ending,mixed,0,0,,,
2020,57,Lil Baby & 42 Dugg,We Paid,man,0,0,,,
2020,58,Justin Bieber,Yummy,man,0,0,,,
2020,59,Old Dominion,One Man Band,man,0,0,,,
2020,60,Jason Aldean,Got What I Got,man,0,0,,,
2020,61,Surfaces,Sunday Best,man,0,0,,,
2020,62,Eminem Featuring Juice WRLD,Godzilla,man,0,0,,,
2020,63,Juice WRLD & YoungBoy Never Broke Again,Bandit,man,0,0,,,
2020,64,StaySolidRocky,Party Girl,man,0,0,,,
2020,65,Maddie & Tae,Die From A Broken Heart,woman,0,0,,,
2020,66,DJ Khaled Featuring Drake,Popstar,man,0,0,,,
2020,67,Mariah Carey,All I Want For Christmas Is You,woman,0,0,,,
2020,68,Lee Brice,One Of Them Girls,man,0,0,,,
2020,69,Sam Hunt,Hard To Forget,man,0,0,,,
2020,70,Luke Bryan,One Margarita,man,0,0,,,
2020,71,Lil Nas X,Panini,man,1,0,None,,Lil Nas X
2020,72,Young Thug Featuring Gunna,Hot,man,0,0,,,
2020,73,Carly Pearce & Lee Brice,I Hope You're Happy Now,mixed,0,0,,,
2020,74,Lil Baby,Emotionally Scarred,man,0,0,,,
2020,75,YNW Melly & Juice WRLD,Suicidal,man,0,0,,,
2020,76,Lil Baby,The Bigger Picture,man,0,0,,,
2020,77,Jonas Brothers,Only Human,man,0,0,,,
2020,78,Pop Smoke Featuring 50 Cent & Roddy Ricch,The Woo,man,0,0,,,
2020,79,Lil Baby,Sum 2 Prove,man,0,0,,,
2020,80,Ariana Grande & Justin Bieber,Stuck With U,mixed,0,0,,,
2020,81,Pop Smoke Featuring Lil Tjay,Mood Swings,man,0,0,,,
2020,82,Halsey,You Should Be Sad,woman,1,0,Straight,,Halsey
2020,83,Pop Smoke,Dior,man,0,0,,,
2020,84,BENEE Featuring Gus Dapperton,Supalonely,mixed,0,0,,,
2020,85,Luke Combs,Even Though I'm Leaving,man,0,0,,,
2020,86,"THE SCOTTS, Travis Scott & Kid Cudi",The Scotts,man,0,0,,,
2020,87,Doja Cat & Tyga,Juicy,mixed,1,0,Straight,,Doja Cat
2020,88,Kane Brown With Swae Lee & Khalid,Be Like That,man,0,0,,,
2020,89,Kane Brown,Homesick,man,0,0,,,
2020,90,Rod Wave Featuring ATR Son Son,Rags2Riches,man,0,0,,,
2020,91,Miranda Lambert,Bluebird,woman,0,0,,,
2020,92,Juice WRLD,Wishing Well,man,0,0,,,
2020,93,Luke Combs Featuring Eric Church,Does To Me,man,0,0,,,
2020,94,Jhene Aiko,P*$$y Fairy (OTW),woman,0,0,,,
2020,95,surf mesa Featuring Emilee,ily,mixed,0,0,,,
2020,96,Morgan Wallen,More Than My Hometown,man,0,0,,,
2020,97,Luke Combs,Lovin' On You,man,0,0,,,
2020,98,Moneybagg Yo,Said Sum,man,0,0,,,
2020,99,H.E.R. Featuring YG,Slide,mixed,0,0,,,
2020,100,NLE Choppa Featuring Roddy Ricch,Walk Em Down,man,0,0,,,